--
-- PostgreSQL database dump
--

SET statement_timeout = 0;
SET client_encoding = 'UTF8';
SET standard_conforming_strings = off;
SET check_function_bodies = false;
SET client_min_messages = warning;
SET escape_string_warning = off;

SET search_path = public, pg_catalog;

--
-- Name: auth_group_id_seq; Type: SEQUENCE SET; Schema: public; Owner: postgres
--

SELECT pg_catalog.setval('auth_group_id_seq', 1, false);


--
-- Name: auth_group_permissions_id_seq; Type: SEQUENCE SET; Schema: public; Owner: postgres
--

SELECT pg_catalog.setval('auth_group_permissions_id_seq', 1, false);


--
-- Name: auth_permission_id_seq; Type: SEQUENCE SET; Schema: public; Owner: postgres
--

SELECT pg_catalog.setval('auth_permission_id_seq', 36, true);


--
-- Name: auth_user_groups_id_seq; Type: SEQUENCE SET; Schema: public; Owner: postgres
--

SELECT pg_catalog.setval('auth_user_groups_id_seq', 1, false);


--
-- Name: auth_user_id_seq; Type: SEQUENCE SET; Schema: public; Owner: postgres
--

SELECT pg_catalog.setval('auth_user_id_seq', 25, true);


--
-- Name: auth_user_user_permissions_id_seq; Type: SEQUENCE SET; Schema: public; Owner: postgres
--

SELECT pg_catalog.setval('auth_user_user_permissions_id_seq', 1, false);


--
-- Name: django_admin_log_id_seq; Type: SEQUENCE SET; Schema: public; Owner: postgres
--

SELECT pg_catalog.setval('django_admin_log_id_seq', 1, false);


--
-- Name: django_content_type_id_seq; Type: SEQUENCE SET; Schema: public; Owner: postgres
--

SELECT pg_catalog.setval('django_content_type_id_seq', 12, true);



--
-- Name: django_redirect_id_seq; Type: SEQUENCE SET; Schema: public; Owner: postgres
--

SELECT pg_catalog.setval('django_redirect_id_seq', 1, false);


--
-- Name: django_site_id_seq; Type: SEQUENCE SET; Schema: public; Owner: postgres
--

SELECT pg_catalog.setval('django_site_id_seq', 1, true);


--
-- Name: setgame_excuted_command_id_seq; Type: SEQUENCE SET; Schema: public; Owner: postgres
--

SELECT pg_catalog.setval('setgame_excuted_command_id_seq', 80, true);


--
-- Name: setgame_game_script_id_seq; Type: SEQUENCE SET; Schema: public; Owner: postgres
--

SELECT pg_catalog.setval('setgame_game_script_id_seq', 8, true);


--
-- Name: setgame_music_id_seq; Type: SEQUENCE SET; Schema: public; Owner: postgres
--

SELECT pg_catalog.setval('setgame_music_id_seq', 23, true);


--
-- Data for Name: auth_group; Type: TABLE DATA; Schema: public; Owner: postgres
--

COPY auth_group (id, name) FROM stdin;
\.


--
-- Data for Name: django_content_type; Type: TABLE DATA; Schema: public; Owner: postgres
--

COPY django_content_type (id, name, app_label, model) FROM stdin;
1	permission	auth	permission
2	group	auth	group
3	user	auth	user
4	content type	contenttypes	contenttype
5	session	sessions	session
6	site	sites	site
7	redirect	redirects	redirect
8	log entry	admin	logentry
9	game_ script	setgame	game_script
10	excuted_ command	setgame	excuted_command
11	music	setgame	music
12	servers_ info	servers	servers_info
\.


--
-- Data for Name: auth_permission; Type: TABLE DATA; Schema: public; Owner: postgres
--

COPY auth_permission (id, name, content_type_id, codename) FROM stdin;
1	Can add permission	1	add_permission
2	Can change permission	1	change_permission
3	Can delete permission	1	delete_permission
4	Can add group	2	add_group
5	Can change group	2	change_group
6	Can delete group	2	delete_group
7	Can add user	3	add_user
8	Can change user	3	change_user
9	Can delete user	3	delete_user
10	Can add content type	4	add_contenttype
11	Can change content type	4	change_contenttype
12	Can delete content type	4	delete_contenttype
13	Can add session	5	add_session
14	Can change session	5	change_session
15	Can delete session	5	delete_session
16	Can add site	6	add_site
17	Can change site	6	change_site
18	Can delete site	6	delete_site
19	Can add redirect	7	add_redirect
20	Can change redirect	7	change_redirect
21	Can delete redirect	7	delete_redirect
22	Can add log entry	8	add_logentry
23	Can change log entry	8	change_logentry
24	Can delete log entry	8	delete_logentry
25	Can add game_ script	9	add_game_script
26	Can change game_ script	9	change_game_script
27	Can delete game_ script	9	delete_game_script
28	Can add excuted_ command	10	add_excuted_command
29	Can change excuted_ command	10	change_excuted_command
30	Can delete excuted_ command	10	delete_excuted_command
31	Can add music	11	add_music
32	Can change music	11	change_music
33	Can delete music	11	delete_music
34	Can add servers_ info	12	add_servers_info
35	Can change servers_ info	12	change_servers_info
36	Can delete servers_ info	12	delete_servers_info
\.


--
-- Data for Name: auth_group_permissions; Type: TABLE DATA; Schema: public; Owner: postgres
--

COPY auth_group_permissions (id, group_id, permission_id) FROM stdin;
\.


--
-- Data for Name: auth_user; Type: TABLE DATA; Schema: public; Owner: postgres
--

COPY auth_user (id, password, last_login, is_superuser, username, first_name, last_name, email, is_staff, is_active, date_joined) FROM stdin;
1	pbkdf2_sha256$12000$IFfD72o7IUKG$iq6YK2KAIe7TKgkmUaG6/RO5tUt/NWrh0INCYOHdtuA=	2014-10-26 18:38:16.540106+08	t	root				t	t	2014-10-26 13:25:06.661962+08
4	pbkdf2_sha256$12000$8SoMkXCB3Y9N$Ag4dZy+vFWfFKC3bVtuc5yoSzKTXSIqUQApbcJgJkuU=	2014-10-27 09:27:15.542615+08	f	user2				f	t	2014-10-27 09:27:15.54266+08
3	pbkdf2_sha256$12000$Hfnj1sakK7Ri$Iz9QVlx4o1jHOl7bYq8S+25P/PQ8v5gXl1bTi3cn/mA=	2014-12-12 21:59:49.808533+08	f	user1				f	t	2014-10-27 09:21:30.515781+08
20	pbkdf2_sha256$12000$baeCPdWQSAif$NojEF4bDRohNGEZ0PAba//SIQg4JeKXj2hVQ2AOMr00=	2014-12-23 18:26:27.113337+08	f	user3				f	t	2014-12-23 18:26:27.113384+08
\.


--
-- Data for Name: auth_user_groups; Type: TABLE DATA; Schema: public; Owner: postgres
--

COPY auth_user_groups (id, user_id, group_id) FROM stdin;
\.


--
-- Data for Name: auth_user_user_permissions; Type: TABLE DATA; Schema: public; Owner: postgres
--

COPY auth_user_user_permissions (id, user_id, permission_id) FROM stdin;
\.


--
-- Data for Name: django_admin_log; Type: TABLE DATA; Schema: public; Owner: postgres
--

COPY django_admin_log (id, action_time, object_id, object_repr, action_flag, change_message, content_type_id, user_id) FROM stdin;
\.



--
-- Data for Name: django_redirect; Type: TABLE DATA; Schema: public; Owner: postgres
--

COPY django_redirect (id, site_id, old_path, new_path) FROM stdin;
\.


--
-- Data for Name: django_session; Type: TABLE DATA; Schema: public; Owner: postgres
--

COPY django_session (session_key, session_data, expire_date) FROM stdin;
1bjn09b8u67141hbexw1x16egtbktau6	MzU2ZjZmYmNkOGJmZjdhZjZlYzdjZmZhODZiYmVkYTZkNGI2NmJlODp7Il9hdXRoX3VzZXJfaGFzaCI6ImI0ZDFjMmE3Y2UzYjIxZGMyZmQ2NGQwZjhjYTYyZmI4N2RmNjg5Y2UiLCJfYXV0aF91c2VyX2JhY2tlbmQiOiJkamFuZ28uY29udHJpYi5hdXRoLmJhY2tlbmRzLk1vZGVsQmFja2VuZCIsIl9hdXRoX3VzZXJfaWQiOjF9	2015-01-24 18:38:16.554958+08
rswvzzef6eo48gtw54wr8c2zgmcpvpkm	YzljMjI1YjJkMzdiM2QxMjM1NjQ3MDIwYzI0NDU1NjM4ODk1NTI1NTp7Il9hdXRoX3VzZXJfaGFzaCI6ImMzMjJiZGI0ZTA3NTRhYmJhNWUxNDc2OGExNGY1MGY2MDIyNGE1NTMiLCJfYXV0aF91c2VyX2JhY2tlbmQiOiJkamFuZ28uY29udHJpYi5hdXRoLmJhY2tlbmRzLk1vZGVsQmFja2VuZCIsIl9hdXRoX3VzZXJfaWQiOjN9	2015-03-12 21:59:49.861322+08
\.


--
-- Data for Name: servers_servers_info; Type: TABLE DATA; Schema: public; Owner: postgres
--

COPY servers_servers_info (eth0, eth1, hostname, cpu_info, memory_info, disk_info, netio_info, use_time_info, sys_process_info, update_time) FROM stdin;
10.0.3.81	192.168.70.130	salt-master-django	{'cpu-0': {'idle': '3436.54', 'usertime': '88.27', 'systime': '56.61'}, 'cpu_num': 1}	{'mem': {'used_percent': '88.8', 'total': '582', 'free': '6', 'used': '576'}, 'swap': {'used_percent': '21.3', 'total': '1707', 'free': '1344', 'used': '363'}}	{'mountpoint0': {'mountpoint': '/', 'total': '38443', 'percent': '11.2', 'free': '32177', 'used': '4313'}, 'mountpoint1': {'mountpoint': '/boot', 'total': '185', 'percent': '12.0', 'free': '154', 'used': '22'}}	{'packets_sent': '16044', 'bytes_sent': '7586310', 'packets_recv': '153242', 'bytes_recv': '14235159'}	{'start_time': '2015-01-19 07:06:18', 'count_user': '5'}	{'postgres': '[1821, 2168, 2169, 2170, 2171, 4766]', 'vsftpd': '[2102]', 'postfix': '[]', 'cron': '[1757]', 'nginx': '[1809, 1811, 1812, 1813, 1814]', 'salt-minion': '[]', 'salt-master': '[1827, 1875, 1876, 1877, 1878, 1879, 1880, 1881, 1882, 1884, 1885, 1886, 1887, 1888, 1889, 1890, 1891, 1892, 1893, 1894, 1895, 1896, 1897, 1898, 1899, 1900]', 'uwsgi': '[4706, 4713, 4714]'}	2015-01-13 15:40:44.902653+08
10.0.3.80	192.168.70.131	salt-master-django	{'cpu-0': {'idle': '175724.67', 'usertime': '2157.23', 'systime': '1007.45'}, 'cpu_num': 1}	{'mem': {'used_percent': '80.9', 'total': '582', 'free': '34', 'used': '547'}, 'swap': {'used_percent': '32.2', 'total': '1707', 'free': '1158', 'used': '549'}}	{'mountpoint0': {'mountpoint': '/', 'total': '38443', 'percent': '11.2', 'free': '32175', 'used': '4315'}, 'mountpoint1': {'mountpoint': '/boot', 'total': '185', 'percent': '12.0', 'free': '154', 'used': '22'}}	{'packets_sent': '414812', 'bytes_sent': '180256750', 'packets_recv': '3839778', 'bytes_recv': '416482430'}	{'start_time': '2015-01-12 08:57:59', 'count_user': '12'}	{'postgres': '[1834, 2065, 2066, 2067, 2068, 4090, 11878]', 'vsftpd': '[2077]', 'postfix': '[]', 'cron': '[1731]', 'nginx': '[813, 816, 817, 818, 819]', 'salt-minion': '[]', 'salt-master': '[1840, 1841, 1842, 1843, 1848, 1849, 1850, 1851, 1852, 1853, 1854, 1855, 1856, 1857, 1858, 1859, 1863, 1864, 1867, 1868, 1870, 1871, 1875, 1876, 1877, 1883]', 'uwsgi': '[2582, 2589, 2590]'}	2015-01-14 13:14:43.2833+08
196.172.44.84	135.8.214.165	predovic.com	{'cpu-0': {'idle': 44, 'usertime': 45, 'systime': 28}, 'cpu_num': 6}	{'mem': {'used_percent': 46, 'total': 33, 'free': 55, 'used': 13}, 'swap': {'used_percent': 66, 'total': 20, 'free': 41, 'used': 96}}	{'mountpoint0': {'mountpoint': '/', 'total': 6287, 'percent': 6440, 'free': 9284, 'used': 6508}, 'mountpoint1': {'mountpoint': '/boot', 'total': 3111, 'percent': 5625, 'free': 6467, 'used': 8658}}	{'packets_sent': 8390, 'bytes_sent': 9827, 'packets_recv': 2232, 'bytes_recv': 8767}	{'start_time': '2012-07-22 12:51:13', 'count_user': 9}	{'postgres': '[1821, 2168, 2169, 2170, 2171, 4766]', 'vsftpd': '[2102]', 'postfix': '[]', 'cron': '[1757]', 'nginx': '[1809, 1811, 1812, 1813, 1814]'}	1982-12-26 14:25:02+08
202.229.70.85	197.89.152.36	roberts.com	{'cpu-0': {'idle': 83, 'usertime': 4, 'systime': 36},            'cpu_num': 4}	{'mem': {'used_percent': 25, 'total': 43, 'free': 61, 'used': 11},            'swap': {'used_percent': 97, 'total': 97, 'free': 11, 'used': 90}}	{'mountpoint0': {'mountpoint': '/', 'total': 2592,'percent': 5640, 'free': 3205, 'used': 6419},            'mountpoint1': {'mountpoint': '/boot', 'total': 3328, 'percent': 7773, 'free': 5138, 'used': 6029}}	{'packets_sent': 8815, 'bytes_sent': 4679,            'packets_recv': 3508, 'bytes_recv': 5761}	{'start_time': '1991-08-26 18:45:36', 'count_user': 7}	{'postgres': '[1821, 2168, 2169, 2170, 2171, 4766]',            'vsftpd': '[2102]', 'postfix': '[]',            'cron': '[1757]', 'nginx': '[1809, 1811, 1812, 1813, 1814]'}	2014-09-21 05:21:54+08
226.133.227.185	105.126.149.56	dach.com	{'cpu-0': {'idle': 32, 'usertime': 95, 'systime': 81},            'cpu_num': 3}	{'mem': {'used_percent': 64, 'total': 36, 'free': 33, 'used': 41},            'swap': {'used_percent': 17, 'total': 94, 'free': 53, 'used': 97}}	{'mountpoint0': {'mountpoint': '/', 'total': 2138,'percent': 2683, 'free': 5624, 'used': 4895},            'mountpoint1': {'mountpoint': '/boot', 'total': 5510, 'percent': 1308, 'free': 6759, 'used': 3103}}	{'packets_sent': 8042, 'bytes_sent': 6720,            'packets_recv': 9547, 'bytes_recv': 7587}	{'start_time': '1972-12-29 08:39:52', 'count_user': 9}	{'postgres': '[1821, 2168, 2169, 2170, 2171, 4766]',            'vsftpd': '[2102]', 'postfix': '[]',            'cron': '[1757]', 'nginx': '[1809, 1811, 1812, 1813, 1814]'}	1985-05-24 13:58:13+08
84.11.185.102	150.190.66.35	mraz-carroll.com	{'cpu-0': {'idle': 65, 'usertime': 99, 'systime': 85},            'cpu_num': 1}	{'mem': {'used_percent': 55, 'total': 50, 'free': 99, 'used': 86},            'swap': {'used_percent': 42, 'total': 6, 'free': 53, 'used': 25}}	{'mountpoint0': {'mountpoint': '/', 'total': 1873,'percent': 3031, 'free': 2648, 'used': 2799},            'mountpoint1': {'mountpoint': '/boot', 'total': 7382, 'percent': 2343, 'free': 1964, 'used': 4052}}	{'packets_sent': 7473, 'bytes_sent': 4887,            'packets_recv': 3776, 'bytes_recv': 4621}	{'start_time': '1996-07-28 10:48:17', 'count_user': 5}	{'postgres': '[1821, 2168, 2169, 2170, 2171, 4766]',            'vsftpd': '[2102]', 'postfix': '[]',            'cron': '[1757]', 'nginx': '[1809, 1811, 1812, 1813, 1814]'}	1985-07-20 00:39:51+08
64.7.129.164	112.240.183.70	walsh.com	{'cpu-0': {'idle': 81, 'usertime': 68, 'systime': 3},            'cpu_num': 5}	{'mem': {'used_percent': 4, 'total': 87, 'free': 9, 'used': 6},            'swap': {'used_percent': 41, 'total': 71, 'free': 84, 'used': 28}}	{'mountpoint0': {'mountpoint': '/', 'total': 4630,'percent': 9474, 'free': 1771, 'used': 7828},            'mountpoint1': {'mountpoint': '/boot', 'total': 3801, 'percent': 7830, 'free': 1771, 'used': 7878}}	{'packets_sent': 4116, 'bytes_sent': 5415,            'packets_recv': 6344, 'bytes_recv': 4388}	{'start_time': '1974-01-25 12:36:25', 'count_user': 9}	{'postgres': '[1821, 2168, 2169, 2170, 2171, 4766]',            'vsftpd': '[2102]', 'postfix': '[]',            'cron': '[1757]', 'nginx': '[1809, 1811, 1812, 1813, 1814]'}	1997-11-18 05:19:19+08
177.211.190.26	60.12.224.91	emard-kihn.com	{'cpu-0': {'idle': 89, 'usertime': 58, 'systime': 99},            'cpu_num': 8}	{'mem': {'used_percent': 97, 'total': 52, 'free': 95, 'used': 76},            'swap': {'used_percent': 46, 'total': 91, 'free': 1, 'used': 100}}	{'mountpoint0': {'mountpoint': '/', 'total': 2467,'percent': 5346, 'free': 5398, 'used': 1337},            'mountpoint1': {'mountpoint': '/boot', 'total': 4468, 'percent': 6477, 'free': 3660, 'used': 1024}}	{'packets_sent': 6992, 'bytes_sent': 3232,            'packets_recv': 3483, 'bytes_recv': 9336}	{'start_time': '1991-04-01 08:40:27', 'count_user': 10}	{'postgres': '[1821, 2168, 2169, 2170, 2171, 4766]',            'vsftpd': '[2102]', 'postfix': '[]',            'cron': '[1757]', 'nginx': '[1809, 1811, 1812, 1813, 1814]'}	2006-01-27 14:57:37+08
38.233.31.70	127.93.109.135	green.net	{'cpu-0': {'idle': 69, 'usertime': 20, 'systime': 88},            'cpu_num': 6}	{'mem': {'used_percent': 90, 'total': 47, 'free': 30, 'used': 40},            'swap': {'used_percent': 14, 'total': 95, 'free': 92, 'used': 35}}	{'mountpoint0': {'mountpoint': '/', 'total': 5480,'percent': 7380, 'free': 1220, 'used': 5178},            'mountpoint1': {'mountpoint': '/boot', 'total': 5439, 'percent': 6637, 'free': 6893, 'used': 7084}}	{'packets_sent': 5948, 'bytes_sent': 4621,            'packets_recv': 1085, 'bytes_recv': 6048}	{'start_time': '1986-12-19 20:22:35', 'count_user': 5}	{'postgres': '[1821, 2168, 2169, 2170, 2171, 4766]',            'vsftpd': '[2102]', 'postfix': '[]',            'cron': '[1757]', 'nginx': '[1809, 1811, 1812, 1813, 1814]'}	1970-07-13 21:29:07+08
68.103.162.191	242.87.185.233	tromp.com	{'cpu-0': {'idle': 6, 'usertime': 100, 'systime': 63},            'cpu_num': 2}	{'mem': {'used_percent': 2, 'total': 22, 'free': 75, 'used': 2},            'swap': {'used_percent': 46, 'total': 43, 'free': 73, 'used': 27}}	{'mountpoint0': {'mountpoint': '/', 'total': 6866,'percent': 4132, 'free': 6770, 'used': 3032},            'mountpoint1': {'mountpoint': '/boot', 'total': 7512, 'percent': 1234, 'free': 9297, 'used': 7881}}	{'packets_sent': 3167, 'bytes_sent': 7462,            'packets_recv': 2558, 'bytes_recv': 6731}	{'start_time': '1986-07-28 04:18:23', 'count_user': 7}	{'postgres': '[1821, 2168, 2169, 2170, 2171, 4766]',            'vsftpd': '[2102]', 'postfix': '[]',            'cron': '[1757]', 'nginx': '[1809, 1811, 1812, 1813, 1814]'}	1982-12-09 08:14:19+08
59.154.245.110	10.11.135.79	schmidt-kutch.com	{'cpu-0': {'idle': 78, 'usertime': 89, 'systime': 40},            'cpu_num': 2}	{'mem': {'used_percent': 52, 'total': 46, 'free': 2, 'used': 50},            'swap': {'used_percent': 68, 'total': 40, 'free': 63, 'used': 73}}	{'mountpoint0': {'mountpoint': '/', 'total': 8897,'percent': 2927, 'free': 2604, 'used': 3920},            'mountpoint1': {'mountpoint': '/boot', 'total': 8343, 'percent': 3912, 'free': 5247, 'used': 8474}}	{'packets_sent': 6718, 'bytes_sent': 7424,            'packets_recv': 8255, 'bytes_recv': 1327}	{'start_time': '1983-09-09 06:11:51', 'count_user': 6}	{'postgres': '[1821, 2168, 2169, 2170, 2171, 4766]',            'vsftpd': '[2102]', 'postfix': '[]',            'cron': '[1757]', 'nginx': '[1809, 1811, 1812, 1813, 1814]'}	1991-06-15 15:29:17+09
52.120.14.37	55.196.171.3	reinger.info	{'cpu-0': {'idle': 21, 'usertime': 58, 'systime': 72},            'cpu_num': 5}	{'mem': {'used_percent': 8, 'total': 41, 'free': 32, 'used': 53},            'swap': {'used_percent': 15, 'total': 23, 'free': 16, 'used': 12}}	{'mountpoint0': {'mountpoint': '/', 'total': 1714,'percent': 7884, 'free': 2947, 'used': 9093},            'mountpoint1': {'mountpoint': '/boot', 'total': 3886, 'percent': 3613, 'free': 7521, 'used': 6018}}	{'packets_sent': 3389, 'bytes_sent': 5464,            'packets_recv': 9392, 'bytes_recv': 9857}	{'start_time': '1993-02-20 22:16:34', 'count_user': 6}	{'postgres': '[1821, 2168, 2169, 2170, 2171, 4766]',            'vsftpd': '[2102]', 'postfix': '[]',            'cron': '[1757]', 'nginx': '[1809, 1811, 1812, 1813, 1814]'}	2005-04-06 21:50:08+08
87.41.111.38	107.201.142.151	kreiger-jacobs.biz	{'cpu-0': {'idle': 8, 'usertime': 97, 'systime': 8},            'cpu_num': 0}	{'mem': {'used_percent': 28, 'total': 38, 'free': 89, 'used': 37},            'swap': {'used_percent': 45, 'total': 31, 'free': 92, 'used': 44}}	{'mountpoint0': {'mountpoint': '/', 'total': 6455,'percent': 4371, 'free': 1178, 'used': 3068},            'mountpoint1': {'mountpoint': '/boot', 'total': 4393, 'percent': 7860, 'free': 6525, 'used': 2796}}	{'packets_sent': 4646, 'bytes_sent': 1373,            'packets_recv': 7176, 'bytes_recv': 2679}	{'start_time': '2001-10-08 17:25:36', 'count_user': 9}	{'postgres': '[1821, 2168, 2169, 2170, 2171, 4766]',            'vsftpd': '[2102]', 'postfix': '[]',            'cron': '[1757]', 'nginx': '[1809, 1811, 1812, 1813, 1814]'}	1989-07-05 04:15:42+09
116.174.222.203	143.4.92.155	dare.biz	{'cpu-0': {'idle': 25, 'usertime': 91, 'systime': 13},            'cpu_num': 7}	{'mem': {'used_percent': 16, 'total': 27, 'free': 90, 'used': 82},            'swap': {'used_percent': 37, 'total': 67, 'free': 73, 'used': 45}}	{'mountpoint0': {'mountpoint': '/', 'total': 8359,'percent': 4236, 'free': 8572, 'used': 2324},            'mountpoint1': {'mountpoint': '/boot', 'total': 7541, 'percent': 8073, 'free': 3145, 'used': 9877}}	{'packets_sent': 3801, 'bytes_sent': 7504,            'packets_recv': 9132, 'bytes_recv': 6432}	{'start_time': '1996-07-13 10:59:21', 'count_user': 7}	{'postgres': '[1821, 2168, 2169, 2170, 2171, 4766]',            'vsftpd': '[2102]', 'postfix': '[]',            'cron': '[1757]', 'nginx': '[1809, 1811, 1812, 1813, 1814]'}	2010-05-08 09:34:13+08
158.163.133.127	242.224.8.153	schamberger-mraz.com	{'cpu-0': {'idle': 52, 'usertime': 39, 'systime': 85},            'cpu_num': 8}	{'mem': {'used_percent': 28, 'total': 27, 'free': 39, 'used': 11},            'swap': {'used_percent': 59, 'total': 97, 'free': 38, 'used': 33}}	{'mountpoint0': {'mountpoint': '/', 'total': 7728,'percent': 5177, 'free': 1702, 'used': 9132},            'mountpoint1': {'mountpoint': '/boot', 'total': 8271, 'percent': 9601, 'free': 6951, 'used': 6008}}	{'packets_sent': 1647, 'bytes_sent': 3536,            'packets_recv': 7510, 'bytes_recv': 9628}	{'start_time': '2009-07-21 11:49:30', 'count_user': 5}	{'postgres': '[1821, 2168, 2169, 2170, 2171, 4766]',            'vsftpd': '[2102]', 'postfix': '[]',            'cron': '[1757]', 'nginx': '[1809, 1811, 1812, 1813, 1814]'}	1970-10-01 08:41:27+08
193.219.149.39	186.68.23.119	huel-hartmann.com	{'cpu-0': {'idle': 89, 'usertime': 83, 'systime': 41},            'cpu_num': 6}	{'mem': {'used_percent': 17, 'total': 13, 'free': 75, 'used': 83},            'swap': {'used_percent': 36, 'total': 8, 'free': 82, 'used': 27}}	{'mountpoint0': {'mountpoint': '/', 'total': 7495,'percent': 4450, 'free': 4073, 'used': 1043},            'mountpoint1': {'mountpoint': '/boot', 'total': 2326, 'percent': 2902, 'free': 1157, 'used': 8473}}	{'packets_sent': 5139, 'bytes_sent': 9655,            'packets_recv': 5606, 'bytes_recv': 9736}	{'start_time': '2008-08-19 14:29:32', 'count_user': 8}	{'postgres': '[1821, 2168, 2169, 2170, 2171, 4766]',            'vsftpd': '[2102]', 'postfix': '[]',            'cron': '[1757]', 'nginx': '[1809, 1811, 1812, 1813, 1814]'}	2009-01-12 06:02:32+08
147.129.160.213	26.244.178.5	pouros-schoen.info	{'cpu-0': {'idle': 74, 'usertime': 76, 'systime': 41},            'cpu_num': 4}	{'mem': {'used_percent': 40, 'total': 12, 'free': 62, 'used': 9},            'swap': {'used_percent': 28, 'total': 5, 'free': 22, 'used': 76}}	{'mountpoint0': {'mountpoint': '/', 'total': 3193,'percent': 2729, 'free': 7124, 'used': 3488},            'mountpoint1': {'mountpoint': '/boot', 'total': 1561, 'percent': 6131, 'free': 5766, 'used': 9203}}	{'packets_sent': 6761, 'bytes_sent': 6316,            'packets_recv': 4456, 'bytes_recv': 7555}	{'start_time': '2012-02-10 19:17:44', 'count_user': 5}	{'postgres': '[1821, 2168, 2169, 2170, 2171, 4766]',            'vsftpd': '[2102]', 'postfix': '[]',            'cron': '[1757]', 'nginx': '[1809, 1811, 1812, 1813, 1814]'}	1983-10-20 18:29:33+08
231.237.4.165	146.65.204.5	turner-bartell.org	{'cpu-0': {'idle': 20, 'usertime': 30, 'systime': 29},            'cpu_num': 0}	{'mem': {'used_percent': 86, 'total': 7, 'free': 79, 'used': 21},            'swap': {'used_percent': 92, 'total': 43, 'free': 38, 'used': 49}}	{'mountpoint0': {'mountpoint': '/', 'total': 3407,'percent': 5582, 'free': 5329, 'used': 9676},            'mountpoint1': {'mountpoint': '/boot', 'total': 6828, 'percent': 3353, 'free': 2100, 'used': 4677}}	{'packets_sent': 3845, 'bytes_sent': 6311,            'packets_recv': 2853, 'bytes_recv': 1737}	{'start_time': '1990-03-30 12:13:18', 'count_user': 7}	{'postgres': '[1821, 2168, 2169, 2170, 2171, 4766]',            'vsftpd': '[2102]', 'postfix': '[]',            'cron': '[1757]', 'nginx': '[1809, 1811, 1812, 1813, 1814]'}	2013-05-17 04:33:40+08
234.215.46.46	106.184.1.96	ankunding.com	{'cpu-0': {'idle': 95, 'usertime': 97, 'systime': 26},            'cpu_num': 6}	{'mem': {'used_percent': 81, 'total': 96, 'free': 35, 'used': 86},            'swap': {'used_percent': 31, 'total': 92, 'free': 58, 'used': 67}}	{'mountpoint0': {'mountpoint': '/', 'total': 9318,'percent': 3748, 'free': 5092, 'used': 5187},            'mountpoint1': {'mountpoint': '/boot', 'total': 5557, 'percent': 5297, 'free': 5083, 'used': 9230}}	{'packets_sent': 6108, 'bytes_sent': 2447,            'packets_recv': 3588, 'bytes_recv': 4491}	{'start_time': '2001-02-16 15:32:11', 'count_user': 6}	{'postgres': '[1821, 2168, 2169, 2170, 2171, 4766]',            'vsftpd': '[2102]', 'postfix': '[]',            'cron': '[1757]', 'nginx': '[1809, 1811, 1812, 1813, 1814]'}	1975-09-25 09:36:15+08
101.168.161.65	30.145.145.100	pollich-hodkiewicz.net	{'cpu-0': {'idle': 65, 'usertime': 3, 'systime': 32},            'cpu_num': 2}	{'mem': {'used_percent': 27, 'total': 86, 'free': 63, 'used': 14},            'swap': {'used_percent': 18, 'total': 7, 'free': 84, 'used': 20}}	{'mountpoint0': {'mountpoint': '/', 'total': 4365,'percent': 2011, 'free': 2723, 'used': 7890},            'mountpoint1': {'mountpoint': '/boot', 'total': 5147, 'percent': 8386, 'free': 5044, 'used': 7513}}	{'packets_sent': 1130, 'bytes_sent': 1004,            'packets_recv': 1238, 'bytes_recv': 7480}	{'start_time': '2005-04-11 12:32:25', 'count_user': 6}	{'postgres': '[1821, 2168, 2169, 2170, 2171, 4766]',            'vsftpd': '[2102]', 'postfix': '[]',            'cron': '[1757]', 'nginx': '[1809, 1811, 1812, 1813, 1814]'}	1987-12-21 15:19:43+08
217.180.45.27	28.36.222.232	jewess.biz	{'cpu-0': {'idle': 57, 'usertime': 56, 'systime': 45},            'cpu_num': 0}	{'mem': {'used_percent': 51, 'total': 76, 'free': 60, 'used': 13},            'swap': {'used_percent': 62, 'total': 51, 'free': 39, 'used': 94}}	{'mountpoint0': {'mountpoint': '/', 'total': 6265,'percent': 2967, 'free': 7622, 'used': 1986},            'mountpoint1': {'mountpoint': '/boot', 'total': 5037, 'percent': 1901, 'free': 5350, 'used': 4443}}	{'packets_sent': 4398, 'bytes_sent': 3388,            'packets_recv': 5175, 'bytes_recv': 9379}	{'start_time': '2008-12-21 14:46:40', 'count_user': 6}	{'postgres': '[1821, 2168, 2169, 2170, 2171, 4766]',            'vsftpd': '[2102]', 'postfix': '[]',            'cron': '[1757]', 'nginx': '[1809, 1811, 1812, 1813, 1814]'}	1978-10-14 12:25:23+08
180.65.185.99	199.203.231.202	sporer.com	{'cpu-0': {'idle': 6, 'usertime': 46, 'systime': 71},            'cpu_num': 8}	{'mem': {'used_percent': 48, 'total': 9, 'free': 97, 'used': 93},            'swap': {'used_percent': 55, 'total': 88, 'free': 60, 'used': 73}}	{'mountpoint0': {'mountpoint': '/', 'total': 7875,'percent': 4922, 'free': 6018, 'used': 6065},            'mountpoint1': {'mountpoint': '/boot', 'total': 4939, 'percent': 2145, 'free': 5918, 'used': 2290}}	{'packets_sent': 8660, 'bytes_sent': 2213,            'packets_recv': 9075, 'bytes_recv': 2694}	{'start_time': '1971-06-20 05:48:43', 'count_user': 7}	{'postgres': '[1821, 2168, 2169, 2170, 2171, 4766]',            'vsftpd': '[2102]', 'postfix': '[]',            'cron': '[1757]', 'nginx': '[1809, 1811, 1812, 1813, 1814]'}	2003-11-06 23:34:05+08
24.102.184.255	205.38.143.93	waters.com	{'cpu-0': {'idle': 12, 'usertime': 58, 'systime': 92},            'cpu_num': 5}	{'mem': {'used_percent': 30, 'total': 2, 'free': 49, 'used': 28},            'swap': {'used_percent': 3, 'total': 6, 'free': 80, 'used': 37}}	{'mountpoint0': {'mountpoint': '/', 'total': 6716,'percent': 8138, 'free': 9376, 'used': 4824},            'mountpoint1': {'mountpoint': '/boot', 'total': 9500, 'percent': 4499, 'free': 7719, 'used': 9361}}	{'packets_sent': 7494, 'bytes_sent': 5323,            'packets_recv': 8889, 'bytes_recv': 3917}	{'start_time': '2007-06-29 13:22:43', 'count_user': 6}	{'postgres': '[1821, 2168, 2169, 2170, 2171, 4766]',            'vsftpd': '[2102]', 'postfix': '[]',            'cron': '[1757]', 'nginx': '[1809, 1811, 1812, 1813, 1814]'}	1979-06-30 16:50:22+08
33.132.49.139	113.122.119.175	daniel.com	{'cpu-0': {'idle': 74, 'usertime': 90, 'systime': 11},            'cpu_num': 5}	{'mem': {'used_percent': 81, 'total': 90, 'free': 73, 'used': 61},            'swap': {'used_percent': 59, 'total': 2, 'free': 69, 'used': 67}}	{'mountpoint0': {'mountpoint': '/', 'total': 2924,'percent': 5497, 'free': 7727, 'used': 2658},            'mountpoint1': {'mountpoint': '/boot', 'total': 3313, 'percent': 2509, 'free': 8059, 'used': 6852}}	{'packets_sent': 6883, 'bytes_sent': 3198,            'packets_recv': 1933, 'bytes_recv': 5061}	{'start_time': '1990-10-16 13:25:55', 'count_user': 10}	{'postgres': '[1821, 2168, 2169, 2170, 2171, 4766]',            'vsftpd': '[2102]', 'postfix': '[]',            'cron': '[1757]', 'nginx': '[1809, 1811, 1812, 1813, 1814]'}	2006-02-08 16:39:39+08
6.76.219.110	10.134.223.73	bauch.com	{'cpu-0': {'idle': 33, 'usertime': 89, 'systime': 78},            'cpu_num': 5}	{'mem': {'used_percent': 0, 'total': 39, 'free': 31, 'used': 86},            'swap': {'used_percent': 73, 'total': 20, 'free': 55, 'used': 19}}	{'mountpoint0': {'mountpoint': '/', 'total': 8618,'percent': 2518, 'free': 6182, 'used': 6155},            'mountpoint1': {'mountpoint': '/boot', 'total': 7157, 'percent': 1975, 'free': 3917, 'used': 3249}}	{'packets_sent': 5382, 'bytes_sent': 7830,            'packets_recv': 6589, 'bytes_recv': 2533}	{'start_time': '2006-07-30 11:43:03', 'count_user': 5}	{'postgres': '[1821, 2168, 2169, 2170, 2171, 4766]',            'vsftpd': '[2102]', 'postfix': '[]',            'cron': '[1757]', 'nginx': '[1809, 1811, 1812, 1813, 1814]'}	1992-01-05 16:17:09+08
197.162.208.208	103.181.110.139	johns.com	{'cpu-0': {'idle': 4, 'usertime': 23, 'systime': 11},            'cpu_num': 5}	{'mem': {'used_percent': 81, 'total': 40, 'free': 45, 'used': 84},            'swap': {'used_percent': 59, 'total': 26, 'free': 47, 'used': 52}}	{'mountpoint0': {'mountpoint': '/', 'total': 4277,'percent': 5720, 'free': 9994, 'used': 2579},            'mountpoint1': {'mountpoint': '/boot', 'total': 5837, 'percent': 6371, 'free': 4011, 'used': 8557}}	{'packets_sent': 6272, 'bytes_sent': 9404,            'packets_recv': 5481, 'bytes_recv': 5470}	{'start_time': '1989-03-27 20:38:17', 'count_user': 6}	{'postgres': '[1821, 2168, 2169, 2170, 2171, 4766]',            'vsftpd': '[2102]', 'postfix': '[]',            'cron': '[1757]', 'nginx': '[1809, 1811, 1812, 1813, 1814]'}	2004-04-05 22:10:53+08
250.6.58.253	108.199.146.250	paucek-abbott.com	{'cpu-0': {'idle': 2, 'usertime': 78, 'systime': 58},            'cpu_num': 7}	{'mem': {'used_percent': 3, 'total': 28, 'free': 33, 'used': 11},            'swap': {'used_percent': 68, 'total': 34, 'free': 1, 'used': 44}}	{'mountpoint0': {'mountpoint': '/', 'total': 4142,'percent': 6051, 'free': 7290, 'used': 5794},            'mountpoint1': {'mountpoint': '/boot', 'total': 9621, 'percent': 5536, 'free': 9958, 'used': 9162}}	{'packets_sent': 5724, 'bytes_sent': 5583,            'packets_recv': 4470, 'bytes_recv': 3140}	{'start_time': '2010-03-30 05:28:52', 'count_user': 8}	{'postgres': '[1821, 2168, 2169, 2170, 2171, 4766]',            'vsftpd': '[2102]', 'postfix': '[]',            'cron': '[1757]', 'nginx': '[1809, 1811, 1812, 1813, 1814]'}	1983-10-23 16:25:51+08
5.222.136.219	249.112.223.113	flatley.biz	{'cpu-0': {'idle': 13, 'usertime': 10, 'systime': 56},            'cpu_num': 0}	{'mem': {'used_percent': 34, 'total': 67, 'free': 82, 'used': 87},            'swap': {'used_percent': 97, 'total': 91, 'free': 15, 'used': 56}}	{'mountpoint0': {'mountpoint': '/', 'total': 7705,'percent': 4542, 'free': 5935, 'used': 2480},            'mountpoint1': {'mountpoint': '/boot', 'total': 5070, 'percent': 4795, 'free': 1248, 'used': 8386}}	{'packets_sent': 4506, 'bytes_sent': 6481,            'packets_recv': 2926, 'bytes_recv': 2510}	{'start_time': '1981-12-25 23:09:00', 'count_user': 8}	{'postgres': '[1821, 2168, 2169, 2170, 2171, 4766]',            'vsftpd': '[2102]', 'postfix': '[]',            'cron': '[1757]', 'nginx': '[1809, 1811, 1812, 1813, 1814]'}	2007-04-01 00:00:33+08
104.162.103.94	240.92.143.42	franecki.biz	{'cpu-0': {'idle': 87, 'usertime': 37, 'systime': 88},            'cpu_num': 7}	{'mem': {'used_percent': 41, 'total': 15, 'free': 4, 'used': 18},            'swap': {'used_percent': 28, 'total': 20, 'free': 94, 'used': 92}}	{'mountpoint0': {'mountpoint': '/', 'total': 9204,'percent': 7390, 'free': 3290, 'used': 2473},            'mountpoint1': {'mountpoint': '/boot', 'total': 3281, 'percent': 9279, 'free': 8305, 'used': 8785}}	{'packets_sent': 6932, 'bytes_sent': 9174,            'packets_recv': 7430, 'bytes_recv': 6278}	{'start_time': '2009-04-24 09:59:09', 'count_user': 7}	{'postgres': '[1821, 2168, 2169, 2170, 2171, 4766]',            'vsftpd': '[2102]', 'postfix': '[]',            'cron': '[1757]', 'nginx': '[1809, 1811, 1812, 1813, 1814]'}	2007-12-15 14:46:07+08
232.237.192.76	218.180.120.162	vonrueden-considine.com	{'cpu-0': {'idle': 1, 'usertime': 63, 'systime': 66},            'cpu_num': 4}	{'mem': {'used_percent': 62, 'total': 95, 'free': 66, 'used': 78},            'swap': {'used_percent': 75, 'total': 37, 'free': 9, 'used': 42}}	{'mountpoint0': {'mountpoint': '/', 'total': 9569,'percent': 8611, 'free': 2927, 'used': 7444},            'mountpoint1': {'mountpoint': '/boot', 'total': 5475, 'percent': 3193, 'free': 2193, 'used': 9173}}	{'packets_sent': 7713, 'bytes_sent': 3838,            'packets_recv': 8883, 'bytes_recv': 7589}	{'start_time': '1992-08-07 20:58:36', 'count_user': 5}	{'postgres': '[1821, 2168, 2169, 2170, 2171, 4766]',            'vsftpd': '[2102]', 'postfix': '[]',            'cron': '[1757]', 'nginx': '[1809, 1811, 1812, 1813, 1814]'}	1973-08-06 13:19:31+08
217.89.70.205	188.125.215.160	price-schuppe.org	{'cpu-0': {'idle': 20, 'usertime': 94, 'systime': 53},            'cpu_num': 2}	{'mem': {'used_percent': 55, 'total': 24, 'free': 20, 'used': 70},            'swap': {'used_percent': 92, 'total': 74, 'free': 93, 'used': 67}}	{'mountpoint0': {'mountpoint': '/', 'total': 3942,'percent': 9123, 'free': 1760, 'used': 1019},            'mountpoint1': {'mountpoint': '/boot', 'total': 8105, 'percent': 1600, 'free': 3323, 'used': 6003}}	{'packets_sent': 3541, 'bytes_sent': 4937,            'packets_recv': 1084, 'bytes_recv': 5102}	{'start_time': '2000-01-16 22:48:58', 'count_user': 5}	{'postgres': '[1821, 2168, 2169, 2170, 2171, 4766]',            'vsftpd': '[2102]', 'postfix': '[]',            'cron': '[1757]', 'nginx': '[1809, 1811, 1812, 1813, 1814]'}	1979-12-06 11:56:48+08
224.10.188.83	97.111.1.117	rogahn.org	{'cpu-0': {'idle': 37, 'usertime': 39, 'systime': 55},            'cpu_num': 3}	{'mem': {'used_percent': 44, 'total': 48, 'free': 32, 'used': 53},            'swap': {'used_percent': 22, 'total': 18, 'free': 35, 'used': 42}}	{'mountpoint0': {'mountpoint': '/', 'total': 8209,'percent': 7433, 'free': 2950, 'used': 2602},            'mountpoint1': {'mountpoint': '/boot', 'total': 5853, 'percent': 3613, 'free': 6859, 'used': 2858}}	{'packets_sent': 6484, 'bytes_sent': 2765,            'packets_recv': 4421, 'bytes_recv': 3592}	{'start_time': '2012-11-14 23:36:33', 'count_user': 5}	{'postgres': '[1821, 2168, 2169, 2170, 2171, 4766]',            'vsftpd': '[2102]', 'postfix': '[]',            'cron': '[1757]', 'nginx': '[1809, 1811, 1812, 1813, 1814]'}	2010-12-30 08:29:18+08
195.35.102.193	160.78.237.83	mckenzie.com	{'cpu-0': {'idle': 36, 'usertime': 23, 'systime': 86},            'cpu_num': 0}	{'mem': {'used_percent': 69, 'total': 89, 'free': 28, 'used': 26},            'swap': {'used_percent': 51, 'total': 10, 'free': 56, 'used': 28}}	{'mountpoint0': {'mountpoint': '/', 'total': 6831,'percent': 5921, 'free': 9620, 'used': 1012},            'mountpoint1': {'mountpoint': '/boot', 'total': 4057, 'percent': 4013, 'free': 2571, 'used': 6575}}	{'packets_sent': 4150, 'bytes_sent': 2356,            'packets_recv': 1269, 'bytes_recv': 2564}	{'start_time': '2004-01-07 12:57:01', 'count_user': 10}	{'postgres': '[1821, 2168, 2169, 2170, 2171, 4766]',            'vsftpd': '[2102]', 'postfix': '[]',            'cron': '[1757]', 'nginx': '[1809, 1811, 1812, 1813, 1814]'}	2002-08-17 21:07:35+08
12.96.59.102	67.135.75.84	stoltenberg.com	{'cpu-0': {'idle': 94, 'usertime': 2, 'systime': 2},            'cpu_num': 2}	{'mem': {'used_percent': 51, 'total': 46, 'free': 84, 'used': 64},            'swap': {'used_percent': 34, 'total': 14, 'free': 3, 'used': 4}}	{'mountpoint0': {'mountpoint': '/', 'total': 5069,'percent': 8074, 'free': 6878, 'used': 3034},            'mountpoint1': {'mountpoint': '/boot', 'total': 7484, 'percent': 3339, 'free': 9827, 'used': 6127}}	{'packets_sent': 1240, 'bytes_sent': 7402,            'packets_recv': 5013, 'bytes_recv': 6631}	{'start_time': '2009-03-27 08:32:40', 'count_user': 7}	{'postgres': '[1821, 2168, 2169, 2170, 2171, 4766]',            'vsftpd': '[2102]', 'postfix': '[]',            'cron': '[1757]', 'nginx': '[1809, 1811, 1812, 1813, 1814]'}	1979-12-27 06:35:20+08
198.59.98.137	181.81.188.54	rau-marvin.biz	{'cpu-0': {'idle': 87, 'usertime': 96, 'systime': 31},            'cpu_num': 4}	{'mem': {'used_percent': 44, 'total': 50, 'free': 19, 'used': 70},            'swap': {'used_percent': 54, 'total': 55, 'free': 6, 'used': 65}}	{'mountpoint0': {'mountpoint': '/', 'total': 7105,'percent': 2091, 'free': 3380, 'used': 5971},            'mountpoint1': {'mountpoint': '/boot', 'total': 7395, 'percent': 8420, 'free': 5661, 'used': 5402}}	{'packets_sent': 1055, 'bytes_sent': 4533,            'packets_recv': 5390, 'bytes_recv': 2558}	{'start_time': '1975-11-02 12:12:30', 'count_user': 10}	{'postgres': '[1821, 2168, 2169, 2170, 2171, 4766]',            'vsftpd': '[2102]', 'postfix': '[]',            'cron': '[1757]', 'nginx': '[1809, 1811, 1812, 1813, 1814]'}	2001-05-13 20:28:32+08
5.92.242.112	5.24.207.146	fadel-effertz.org	{'cpu-0': {'idle': 62, 'usertime': 32, 'systime': 42},            'cpu_num': 2}	{'mem': {'used_percent': 99, 'total': 18, 'free': 83, 'used': 89},            'swap': {'used_percent': 8, 'total': 31, 'free': 95, 'used': 95}}	{'mountpoint0': {'mountpoint': '/', 'total': 5357,'percent': 6684, 'free': 1765, 'used': 3851},            'mountpoint1': {'mountpoint': '/boot', 'total': 9067, 'percent': 4909, 'free': 5343, 'used': 7445}}	{'packets_sent': 6402, 'bytes_sent': 4931,            'packets_recv': 5187, 'bytes_recv': 9773}	{'start_time': '1995-11-14 15:19:20', 'count_user': 5}	{'postgres': '[1821, 2168, 2169, 2170, 2171, 4766]',            'vsftpd': '[2102]', 'postfix': '[]',            'cron': '[1757]', 'nginx': '[1809, 1811, 1812, 1813, 1814]'}	1995-06-28 23:33:19+08
4.209.72.154	116.44.97.204	purdy.com	{'cpu-0': {'idle': 70, 'usertime': 18, 'systime': 69},            'cpu_num': 7}	{'mem': {'used_percent': 71, 'total': 50, 'free': 63, 'used': 54},            'swap': {'used_percent': 73, 'total': 26, 'free': 13, 'used': 57}}	{'mountpoint0': {'mountpoint': '/', 'total': 6724,'percent': 8170, 'free': 9599, 'used': 1411},            'mountpoint1': {'mountpoint': '/boot', 'total': 5744, 'percent': 9257, 'free': 7435, 'used': 7382}}	{'packets_sent': 4552, 'bytes_sent': 3099,            'packets_recv': 3418, 'bytes_recv': 4542}	{'start_time': '1975-10-29 17:05:18', 'count_user': 7}	{'postgres': '[1821, 2168, 2169, 2170, 2171, 4766]',            'vsftpd': '[2102]', 'postfix': '[]',            'cron': '[1757]', 'nginx': '[1809, 1811, 1812, 1813, 1814]'}	2005-05-21 12:29:13+08
62.120.101.185	63.251.78.142	mohr.info	{'cpu-0': {'idle': 36, 'usertime': 52, 'systime': 73},            'cpu_num': 5}	{'mem': {'used_percent': 82, 'total': 54, 'free': 73, 'used': 26},            'swap': {'used_percent': 54, 'total': 85, 'free': 6, 'used': 31}}	{'mountpoint0': {'mountpoint': '/', 'total': 3466,'percent': 9053, 'free': 1136, 'used': 2172},            'mountpoint1': {'mountpoint': '/boot', 'total': 9946, 'percent': 4962, 'free': 3736, 'used': 7708}}	{'packets_sent': 9506, 'bytes_sent': 3003,            'packets_recv': 5127, 'bytes_recv': 6718}	{'start_time': '1977-07-09 00:32:30', 'count_user': 7}	{'postgres': '[1821, 2168, 2169, 2170, 2171, 4766]',            'vsftpd': '[2102]', 'postfix': '[]',            'cron': '[1757]', 'nginx': '[1809, 1811, 1812, 1813, 1814]'}	2004-06-08 10:45:36+08
150.5.237.114	112.82.101.166	ullrich.info	{'cpu-0': {'idle': 67, 'usertime': 83, 'systime': 21},            'cpu_num': 3}	{'mem': {'used_percent': 10, 'total': 83, 'free': 46, 'used': 61},            'swap': {'used_percent': 61, 'total': 96, 'free': 45, 'used': 12}}	{'mountpoint0': {'mountpoint': '/', 'total': 9581,'percent': 9598, 'free': 8484, 'used': 3469},            'mountpoint1': {'mountpoint': '/boot', 'total': 7327, 'percent': 7485, 'free': 9129, 'used': 7199}}	{'packets_sent': 5543, 'bytes_sent': 8206,            'packets_recv': 4804, 'bytes_recv': 5552}	{'start_time': '1988-07-07 07:25:04', 'count_user': 6}	{'postgres': '[1821, 2168, 2169, 2170, 2171, 4766]',            'vsftpd': '[2102]', 'postfix': '[]',            'cron': '[1757]', 'nginx': '[1809, 1811, 1812, 1813, 1814]'}	1981-11-01 17:01:28+08
63.64.241.41	39.205.170.83	champlin.com	{'cpu-0': {'idle': 48, 'usertime': 71, 'systime': 89},            'cpu_num': 2}	{'mem': {'used_percent': 59, 'total': 9, 'free': 34, 'used': 63},            'swap': {'used_percent': 93, 'total': 77, 'free': 1, 'used': 17}}	{'mountpoint0': {'mountpoint': '/', 'total': 9809,'percent': 6360, 'free': 8189, 'used': 4302},            'mountpoint1': {'mountpoint': '/boot', 'total': 1714, 'percent': 1651, 'free': 4573, 'used': 7628}}	{'packets_sent': 1310, 'bytes_sent': 4657,            'packets_recv': 6793, 'bytes_recv': 8302}	{'start_time': '1981-04-14 19:09:17', 'count_user': 5}	{'postgres': '[1821, 2168, 2169, 2170, 2171, 4766]',            'vsftpd': '[2102]', 'postfix': '[]',            'cron': '[1757]', 'nginx': '[1809, 1811, 1812, 1813, 1814]'}	1998-05-08 09:21:30+08
177.238.165.77	0.250.118.250	quitzon-lindgren.info	{'cpu-0': {'idle': 56, 'usertime': 14, 'systime': 45},            'cpu_num': 5}	{'mem': {'used_percent': 97, 'total': 77, 'free': 53, 'used': 72},            'swap': {'used_percent': 65, 'total': 16, 'free': 78, 'used': 46}}	{'mountpoint0': {'mountpoint': '/', 'total': 4921,'percent': 1834, 'free': 1026, 'used': 6997},            'mountpoint1': {'mountpoint': '/boot', 'total': 6034, 'percent': 8606, 'free': 7895, 'used': 6963}}	{'packets_sent': 7283, 'bytes_sent': 3084,            'packets_recv': 7472, 'bytes_recv': 9763}	{'start_time': '1983-03-23 14:12:09', 'count_user': 7}	{'postgres': '[1821, 2168, 2169, 2170, 2171, 4766]',            'vsftpd': '[2102]', 'postfix': '[]',            'cron': '[1757]', 'nginx': '[1809, 1811, 1812, 1813, 1814]'}	2014-02-25 13:04:14+08
46.137.191.206	50.254.227.224	buckridge-dietrich.org	{'cpu-0': {'idle': 7, 'usertime': 92, 'systime': 47},            'cpu_num': 1}	{'mem': {'used_percent': 57, 'total': 75, 'free': 45, 'used': 25},            'swap': {'used_percent': 90, 'total': 83, 'free': 5, 'used': 17}}	{'mountpoint0': {'mountpoint': '/', 'total': 3588,'percent': 3139, 'free': 7066, 'used': 1174},            'mountpoint1': {'mountpoint': '/boot', 'total': 5909, 'percent': 6196, 'free': 8506, 'used': 4004}}	{'packets_sent': 1696, 'bytes_sent': 3753,            'packets_recv': 9773, 'bytes_recv': 8040}	{'start_time': '1973-09-18 21:08:30', 'count_user': 6}	{'postgres': '[1821, 2168, 2169, 2170, 2171, 4766]',            'vsftpd': '[2102]', 'postfix': '[]',            'cron': '[1757]', 'nginx': '[1809, 1811, 1812, 1813, 1814]'}	1971-12-28 03:53:10+08
227.84.202.146	104.112.179.187	hand-wiza.com	{'cpu-0': {'idle': 19, 'usertime': 100, 'systime': 49},            'cpu_num': 4}	{'mem': {'used_percent': 17, 'total': 68, 'free': 48, 'used': 87},            'swap': {'used_percent': 17, 'total': 54, 'free': 33, 'used': 29}}	{'mountpoint0': {'mountpoint': '/', 'total': 5868,'percent': 9555, 'free': 3884, 'used': 5538},            'mountpoint1': {'mountpoint': '/boot', 'total': 5325, 'percent': 9704, 'free': 5735, 'used': 6703}}	{'packets_sent': 6687, 'bytes_sent': 1750,            'packets_recv': 7068, 'bytes_recv': 8589}	{'start_time': '1975-07-09 01:42:37', 'count_user': 5}	{'postgres': '[1821, 2168, 2169, 2170, 2171, 4766]',            'vsftpd': '[2102]', 'postfix': '[]',            'cron': '[1757]', 'nginx': '[1809, 1811, 1812, 1813, 1814]'}	2006-09-06 11:03:16+08
140.96.210.192	115.101.249.51	gutkowski-abbott.com	{'cpu-0': {'idle': 82, 'usertime': 90, 'systime': 10},            'cpu_num': 0}	{'mem': {'used_percent': 97, 'total': 81, 'free': 96, 'used': 65},            'swap': {'used_percent': 98, 'total': 85, 'free': 40, 'used': 58}}	{'mountpoint0': {'mountpoint': '/', 'total': 5602,'percent': 5617, 'free': 3394, 'used': 9160},            'mountpoint1': {'mountpoint': '/boot', 'total': 6235, 'percent': 4634, 'free': 3341, 'used': 5880}}	{'packets_sent': 3252, 'bytes_sent': 2597,            'packets_recv': 9725, 'bytes_recv': 1981}	{'start_time': '2009-10-01 04:00:02', 'count_user': 10}	{'postgres': '[1821, 2168, 2169, 2170, 2171, 4766]',            'vsftpd': '[2102]', 'postfix': '[]',            'cron': '[1757]', 'nginx': '[1809, 1811, 1812, 1813, 1814]'}	1977-09-16 14:25:42+08
231.201.69.207	78.35.5.45	pagac.com	{'cpu-0': {'idle': 10, 'usertime': 45, 'systime': 89},            'cpu_num': 5}	{'mem': {'used_percent': 98, 'total': 62, 'free': 46, 'used': 75},            'swap': {'used_percent': 9, 'total': 45, 'free': 36, 'used': 80}}	{'mountpoint0': {'mountpoint': '/', 'total': 6784,'percent': 2375, 'free': 8137, 'used': 8866},            'mountpoint1': {'mountpoint': '/boot', 'total': 1397, 'percent': 7739, 'free': 1648, 'used': 8229}}	{'packets_sent': 9836, 'bytes_sent': 5772,            'packets_recv': 5101, 'bytes_recv': 6178}	{'start_time': '1986-05-15 14:24:53', 'count_user': 7}	{'postgres': '[1821, 2168, 2169, 2170, 2171, 4766]',            'vsftpd': '[2102]', 'postfix': '[]',            'cron': '[1757]', 'nginx': '[1809, 1811, 1812, 1813, 1814]'}	1996-12-18 09:37:11+08
205.227.81.28	24.221.104.161	rolfson.com	{'cpu-0': {'idle': 38, 'usertime': 56, 'systime': 14},            'cpu_num': 3}	{'mem': {'used_percent': 31, 'total': 27, 'free': 76, 'used': 85},            'swap': {'used_percent': 17, 'total': 86, 'free': 49, 'used': 8}}	{'mountpoint0': {'mountpoint': '/', 'total': 1120,'percent': 5195, 'free': 4438, 'used': 9175},            'mountpoint1': {'mountpoint': '/boot', 'total': 9493, 'percent': 5867, 'free': 7342, 'used': 5248}}	{'packets_sent': 7717, 'bytes_sent': 2969,            'packets_recv': 1157, 'bytes_recv': 3368}	{'start_time': '1988-07-23 22:19:33', 'count_user': 7}	{'postgres': '[1821, 2168, 2169, 2170, 2171, 4766]',            'vsftpd': '[2102]', 'postfix': '[]',            'cron': '[1757]', 'nginx': '[1809, 1811, 1812, 1813, 1814]'}	1972-08-04 21:18:02+08
10.186.254.118	251.108.60.175	bins-douglas.com	{'cpu-0': {'idle': 59, 'usertime': 80, 'systime': 52},            'cpu_num': 6}	{'mem': {'used_percent': 58, 'total': 45, 'free': 22, 'used': 94},            'swap': {'used_percent': 47, 'total': 8, 'free': 9, 'used': 85}}	{'mountpoint0': {'mountpoint': '/', 'total': 1054,'percent': 9996, 'free': 3070, 'used': 3834},            'mountpoint1': {'mountpoint': '/boot', 'total': 4970, 'percent': 5112, 'free': 9123, 'used': 6312}}	{'packets_sent': 2794, 'bytes_sent': 4082,            'packets_recv': 4645, 'bytes_recv': 5132}	{'start_time': '1999-04-16 03:35:23', 'count_user': 6}	{'postgres': '[1821, 2168, 2169, 2170, 2171, 4766]',            'vsftpd': '[2102]', 'postfix': '[]',            'cron': '[1757]', 'nginx': '[1809, 1811, 1812, 1813, 1814]'}	1994-04-23 14:39:27+08
222.54.160.136	4.235.110.52	dooley.com	{'cpu-0': {'idle': 80, 'usertime': 20, 'systime': 61},            'cpu_num': 0}	{'mem': {'used_percent': 96, 'total': 40, 'free': 17, 'used': 18},            'swap': {'used_percent': 55, 'total': 26, 'free': 100, 'used': 86}}	{'mountpoint0': {'mountpoint': '/', 'total': 7782,'percent': 8713, 'free': 1100, 'used': 5399},            'mountpoint1': {'mountpoint': '/boot', 'total': 6678, 'percent': 2636, 'free': 3020, 'used': 2952}}	{'packets_sent': 4438, 'bytes_sent': 5521,            'packets_recv': 8073, 'bytes_recv': 9559}	{'start_time': '1990-10-11 12:08:43', 'count_user': 10}	{'postgres': '[1821, 2168, 2169, 2170, 2171, 4766]',            'vsftpd': '[2102]', 'postfix': '[]',            'cron': '[1757]', 'nginx': '[1809, 1811, 1812, 1813, 1814]'}	1994-07-23 10:05:59+08
154.128.52.34	251.72.10.213	steuber.com	{'cpu-0': {'idle': 1, 'usertime': 71, 'systime': 15},            'cpu_num': 7}	{'mem': {'used_percent': 5, 'total': 33, 'free': 37, 'used': 98},            'swap': {'used_percent': 71, 'total': 15, 'free': 80, 'used': 83}}	{'mountpoint0': {'mountpoint': '/', 'total': 3992,'percent': 3710, 'free': 6261, 'used': 9867},            'mountpoint1': {'mountpoint': '/boot', 'total': 6534, 'percent': 7442, 'free': 9379, 'used': 2521}}	{'packets_sent': 7290, 'bytes_sent': 1096,            'packets_recv': 1314, 'bytes_recv': 2928}	{'start_time': '2005-06-12 17:02:59', 'count_user': 6}	{'postgres': '[1821, 2168, 2169, 2170, 2171, 4766]',            'vsftpd': '[2102]', 'postfix': '[]',            'cron': '[1757]', 'nginx': '[1809, 1811, 1812, 1813, 1814]'}	1978-01-04 07:13:30+08
127.213.217.76	230.202.5.141	swaniawski.com	{'cpu-0': {'idle': 27, 'usertime': 6, 'systime': 88},            'cpu_num': 7}	{'mem': {'used_percent': 36, 'total': 18, 'free': 90, 'used': 31},            'swap': {'used_percent': 59, 'total': 38, 'free': 55, 'used': 0}}	{'mountpoint0': {'mountpoint': '/', 'total': 9382,'percent': 9495, 'free': 5931, 'used': 7966},            'mountpoint1': {'mountpoint': '/boot', 'total': 4468, 'percent': 1877, 'free': 5765, 'used': 8527}}	{'packets_sent': 5881, 'bytes_sent': 4557,            'packets_recv': 1948, 'bytes_recv': 8972}	{'start_time': '2010-07-06 10:15:38', 'count_user': 10}	{'postgres': '[1821, 2168, 2169, 2170, 2171, 4766]',            'vsftpd': '[2102]', 'postfix': '[]',            'cron': '[1757]', 'nginx': '[1809, 1811, 1812, 1813, 1814]'}	1975-11-17 10:15:56+08
30.160.107.42	68.235.152.167	dicki.info	{'cpu-0': {'idle': 7, 'usertime': 61, 'systime': 80},            'cpu_num': 3}	{'mem': {'used_percent': 51, 'total': 53, 'free': 98, 'used': 34},            'swap': {'used_percent': 25, 'total': 85, 'free': 10, 'used': 7}}	{'mountpoint0': {'mountpoint': '/', 'total': 6846,'percent': 9332, 'free': 2270, 'used': 5780},            'mountpoint1': {'mountpoint': '/boot', 'total': 4762, 'percent': 6565, 'free': 5981, 'used': 5868}}	{'packets_sent': 7530, 'bytes_sent': 4492,            'packets_recv': 5004, 'bytes_recv': 4867}	{'start_time': '1980-12-12 23:21:39', 'count_user': 5}	{'postgres': '[1821, 2168, 2169, 2170, 2171, 4766]',            'vsftpd': '[2102]', 'postfix': '[]',            'cron': '[1757]', 'nginx': '[1809, 1811, 1812, 1813, 1814]'}	1989-12-14 03:06:05+08
150.17.201.23	27.115.147.254	hermiston-robel.info	{'cpu-0': {'idle': 46, 'usertime': 82, 'systime': 97},            'cpu_num': 7}	{'mem': {'used_percent': 59, 'total': 19, 'free': 15, 'used': 98},            'swap': {'used_percent': 64, 'total': 66, 'free': 53, 'used': 44}}	{'mountpoint0': {'mountpoint': '/', 'total': 6115,'percent': 2672, 'free': 5089, 'used': 1807},            'mountpoint1': {'mountpoint': '/boot', 'total': 2287, 'percent': 9352, 'free': 9232, 'used': 5459}}	{'packets_sent': 2924, 'bytes_sent': 7565,            'packets_recv': 6525, 'bytes_recv': 7684}	{'start_time': '2006-06-22 03:00:02', 'count_user': 9}	{'postgres': '[1821, 2168, 2169, 2170, 2171, 4766]',            'vsftpd': '[2102]', 'postfix': '[]',            'cron': '[1757]', 'nginx': '[1809, 1811, 1812, 1813, 1814]'}	2011-05-05 19:52:54+08
85.105.32.21	172.253.164.99	rutherford.com	{'cpu-0': {'idle': 57, 'usertime': 62, 'systime': 76},            'cpu_num': 2}	{'mem': {'used_percent': 32, 'total': 18, 'free': 98, 'used': 90},            'swap': {'used_percent': 6, 'total': 80, 'free': 67, 'used': 66}}	{'mountpoint0': {'mountpoint': '/', 'total': 5977,'percent': 5538, 'free': 6265, 'used': 7198},            'mountpoint1': {'mountpoint': '/boot', 'total': 8073, 'percent': 2674, 'free': 3102, 'used': 8323}}	{'packets_sent': 9571, 'bytes_sent': 7133,            'packets_recv': 5872, 'bytes_recv': 3560}	{'start_time': '1991-03-04 13:28:47', 'count_user': 6}	{'postgres': '[1821, 2168, 2169, 2170, 2171, 4766]',            'vsftpd': '[2102]', 'postfix': '[]',            'cron': '[1757]', 'nginx': '[1809, 1811, 1812, 1813, 1814]'}	1977-10-10 09:23:02+08
65.134.125.20	174.61.89.213	ledner.com	{'cpu-0': {'idle': 30, 'usertime': 21, 'systime': 65},            'cpu_num': 3}	{'mem': {'used_percent': 97, 'total': 30, 'free': 75, 'used': 66},            'swap': {'used_percent': 24, 'total': 42, 'free': 86, 'used': 15}}	{'mountpoint0': {'mountpoint': '/', 'total': 8270,'percent': 7233, 'free': 7118, 'used': 3459},            'mountpoint1': {'mountpoint': '/boot', 'total': 4933, 'percent': 9479, 'free': 2273, 'used': 4755}}	{'packets_sent': 4232, 'bytes_sent': 1317,            'packets_recv': 2920, 'bytes_recv': 2612}	{'start_time': '1985-05-07 21:12:53', 'count_user': 6}	{'postgres': '[1821, 2168, 2169, 2170, 2171, 4766]',            'vsftpd': '[2102]', 'postfix': '[]',            'cron': '[1757]', 'nginx': '[1809, 1811, 1812, 1813, 1814]'}	1999-10-12 00:44:54+08
158.211.149.147	116.180.186.99	kris-wisozk.com	{'cpu-0': {'idle': 81, 'usertime': 15, 'systime': 85},            'cpu_num': 1}	{'mem': {'used_percent': 23, 'total': 13, 'free': 23, 'used': 24},            'swap': {'used_percent': 87, 'total': 62, 'free': 32, 'used': 94}}	{'mountpoint0': {'mountpoint': '/', 'total': 9638,'percent': 4874, 'free': 3825, 'used': 3295},            'mountpoint1': {'mountpoint': '/boot', 'total': 5684, 'percent': 2440, 'free': 7920, 'used': 9737}}	{'packets_sent': 1679, 'bytes_sent': 4787,            'packets_recv': 8782, 'bytes_recv': 3622}	{'start_time': '1983-05-17 12:23:57', 'count_user': 5}	{'postgres': '[1821, 2168, 2169, 2170, 2171, 4766]',            'vsftpd': '[2102]', 'postfix': '[]',            'cron': '[1757]', 'nginx': '[1809, 1811, 1812, 1813, 1814]'}	1995-08-31 19:00:28+08
163.194.55.101	4.173.143.79	rogahn.com	{'cpu-0': {'idle': 63, 'usertime': 92, 'systime': 37},            'cpu_num': 1}	{'mem': {'used_percent': 33, 'total': 1, 'free': 10, 'used': 34},            'swap': {'used_percent': 59, 'total': 36, 'free': 27, 'used': 29}}	{'mountpoint0': {'mountpoint': '/', 'total': 9172,'percent': 3743, 'free': 3657, 'used': 4915},            'mountpoint1': {'mountpoint': '/boot', 'total': 9649, 'percent': 2813, 'free': 7507, 'used': 3879}}	{'packets_sent': 2087, 'bytes_sent': 5878,            'packets_recv': 1598, 'bytes_recv': 5891}	{'start_time': '1973-11-24 12:47:08', 'count_user': 8}	{'postgres': '[1821, 2168, 2169, 2170, 2171, 4766]',            'vsftpd': '[2102]', 'postfix': '[]',            'cron': '[1757]', 'nginx': '[1809, 1811, 1812, 1813, 1814]'}	1997-01-03 07:49:38+08
88.104.37.162	77.97.52.85	reilly.com	{'cpu-0': {'idle': 46, 'usertime': 22, 'systime': 54},            'cpu_num': 4}	{'mem': {'used_percent': 13, 'total': 24, 'free': 65, 'used': 30},            'swap': {'used_percent': 26, 'total': 39, 'free': 41, 'used': 56}}	{'mountpoint0': {'mountpoint': '/', 'total': 3437,'percent': 1015, 'free': 1195, 'used': 8272},            'mountpoint1': {'mountpoint': '/boot', 'total': 2751, 'percent': 6182, 'free': 1214, 'used': 3321}}	{'packets_sent': 6248, 'bytes_sent': 2896,            'packets_recv': 6091, 'bytes_recv': 8111}	{'start_time': '1979-12-21 23:44:28', 'count_user': 6}	{'postgres': '[1821, 2168, 2169, 2170, 2171, 4766]',            'vsftpd': '[2102]', 'postfix': '[]',            'cron': '[1757]', 'nginx': '[1809, 1811, 1812, 1813, 1814]'}	2002-01-30 08:14:41+08
89.255.213.177	50.143.211.198	ledner.com	{'cpu-0': {'idle': 39, 'usertime': 53, 'systime': 27},            'cpu_num': 0}	{'mem': {'used_percent': 74, 'total': 77, 'free': 43, 'used': 8},            'swap': {'used_percent': 100, 'total': 31, 'free': 30, 'used': 55}}	{'mountpoint0': {'mountpoint': '/', 'total': 7116,'percent': 2209, 'free': 4510, 'used': 2198},            'mountpoint1': {'mountpoint': '/boot', 'total': 3371, 'percent': 2887, 'free': 4838, 'used': 6298}}	{'packets_sent': 3885, 'bytes_sent': 4154,            'packets_recv': 2841, 'bytes_recv': 9939}	{'start_time': '1987-09-19 00:02:15', 'count_user': 5}	{'postgres': '[1821, 2168, 2169, 2170, 2171, 4766]',            'vsftpd': '[2102]', 'postfix': '[]',            'cron': '[1757]', 'nginx': '[1809, 1811, 1812, 1813, 1814]'}	1998-11-27 16:55:29+08
49.81.220.53	158.150.236.23	mueller.com	{'cpu-0': {'idle': 77, 'usertime': 85, 'systime': 36},            'cpu_num': 2}	{'mem': {'used_percent': 16, 'total': 21, 'free': 39, 'used': 59},            'swap': {'used_percent': 69, 'total': 95, 'free': 34, 'used': 50}}	{'mountpoint0': {'mountpoint': '/', 'total': 7564,'percent': 6617, 'free': 6037, 'used': 8159},            'mountpoint1': {'mountpoint': '/boot', 'total': 8250, 'percent': 7334, 'free': 5726, 'used': 3760}}	{'packets_sent': 9667, 'bytes_sent': 9984,            'packets_recv': 3112, 'bytes_recv': 2602}	{'start_time': '2003-02-22 11:38:43', 'count_user': 10}	{'postgres': '[1821, 2168, 2169, 2170, 2171, 4766]',            'vsftpd': '[2102]', 'postfix': '[]',            'cron': '[1757]', 'nginx': '[1809, 1811, 1812, 1813, 1814]'}	2008-02-05 10:36:39+08
10.101.182.195	40.71.196.192	runolfsdottir.net	{'cpu-0': {'idle': 17, 'usertime': 43, 'systime': 59},            'cpu_num': 0}	{'mem': {'used_percent': 92, 'total': 29, 'free': 61, 'used': 85},            'swap': {'used_percent': 62, 'total': 40, 'free': 78, 'used': 76}}	{'mountpoint0': {'mountpoint': '/', 'total': 7636,'percent': 6567, 'free': 5574, 'used': 4083},            'mountpoint1': {'mountpoint': '/boot', 'total': 8614, 'percent': 5533, 'free': 9679, 'used': 3327}}	{'packets_sent': 8168, 'bytes_sent': 3425,            'packets_recv': 3961, 'bytes_recv': 5620}	{'start_time': '1989-07-10 05:53:51', 'count_user': 6}	{'postgres': '[1821, 2168, 2169, 2170, 2171, 4766]',            'vsftpd': '[2102]', 'postfix': '[]',            'cron': '[1757]', 'nginx': '[1809, 1811, 1812, 1813, 1814]'}	1978-12-29 14:15:31+08
237.73.227.173	15.86.122.27	collier.com	{'cpu-0': {'idle': 27, 'usertime': 83, 'systime': 36},            'cpu_num': 3}	{'mem': {'used_percent': 42, 'total': 19, 'free': 98, 'used': 45},            'swap': {'used_percent': 33, 'total': 36, 'free': 43, 'used': 86}}	{'mountpoint0': {'mountpoint': '/', 'total': 2492,'percent': 3110, 'free': 1984, 'used': 5007},            'mountpoint1': {'mountpoint': '/boot', 'total': 8976, 'percent': 8438, 'free': 4022, 'used': 1552}}	{'packets_sent': 6305, 'bytes_sent': 7014,            'packets_recv': 1385, 'bytes_recv': 9050}	{'start_time': '1994-04-08 02:26:13', 'count_user': 5}	{'postgres': '[1821, 2168, 2169, 2170, 2171, 4766]',            'vsftpd': '[2102]', 'postfix': '[]',            'cron': '[1757]', 'nginx': '[1809, 1811, 1812, 1813, 1814]'}	2005-01-30 03:40:55+08
115.254.59.126	160.95.51.161	pagac.com	{'cpu-0': {'idle': 23, 'usertime': 94, 'systime': 40},            'cpu_num': 1}	{'mem': {'used_percent': 82, 'total': 54, 'free': 93, 'used': 5},            'swap': {'used_percent': 31, 'total': 79, 'free': 25, 'used': 41}}	{'mountpoint0': {'mountpoint': '/', 'total': 4176,'percent': 4877, 'free': 3341, 'used': 8552},            'mountpoint1': {'mountpoint': '/boot', 'total': 2946, 'percent': 3410, 'free': 1617, 'used': 7455}}	{'packets_sent': 8659, 'bytes_sent': 1641,            'packets_recv': 1289, 'bytes_recv': 7707}	{'start_time': '1993-03-30 15:56:53', 'count_user': 9}	{'postgres': '[1821, 2168, 2169, 2170, 2171, 4766]',            'vsftpd': '[2102]', 'postfix': '[]',            'cron': '[1757]', 'nginx': '[1809, 1811, 1812, 1813, 1814]'}	1973-02-16 19:53:50+08
0.94.117.199	7.151.95.248	willms.com	{'cpu-0': {'idle': 57, 'usertime': 48, 'systime': 66},            'cpu_num': 7}	{'mem': {'used_percent': 3, 'total': 48, 'free': 37, 'used': 79},            'swap': {'used_percent': 67, 'total': 79, 'free': 1, 'used': 73}}	{'mountpoint0': {'mountpoint': '/', 'total': 6067,'percent': 9335, 'free': 9507, 'used': 3220},            'mountpoint1': {'mountpoint': '/boot', 'total': 1759, 'percent': 1938, 'free': 7159, 'used': 7458}}	{'packets_sent': 3219, 'bytes_sent': 9498,            'packets_recv': 6363, 'bytes_recv': 6948}	{'start_time': '1991-04-03 04:16:45', 'count_user': 8}	{'postgres': '[1821, 2168, 2169, 2170, 2171, 4766]',            'vsftpd': '[2102]', 'postfix': '[]',            'cron': '[1757]', 'nginx': '[1809, 1811, 1812, 1813, 1814]'}	1998-12-12 20:32:52+08
10.66.242.132	247.219.94.25	hettinger.com	{'cpu-0': {'idle': 74, 'usertime': 39, 'systime': 87},            'cpu_num': 1}	{'mem': {'used_percent': 96, 'total': 73, 'free': 80, 'used': 45},            'swap': {'used_percent': 4, 'total': 64, 'free': 41, 'used': 96}}	{'mountpoint0': {'mountpoint': '/', 'total': 7768,'percent': 9888, 'free': 1498, 'used': 1482},            'mountpoint1': {'mountpoint': '/boot', 'total': 3025, 'percent': 2969, 'free': 1694, 'used': 1406}}	{'packets_sent': 9668, 'bytes_sent': 1207,            'packets_recv': 6747, 'bytes_recv': 5599}	{'start_time': '1999-07-19 03:00:57', 'count_user': 6}	{'postgres': '[1821, 2168, 2169, 2170, 2171, 4766]',            'vsftpd': '[2102]', 'postfix': '[]',            'cron': '[1757]', 'nginx': '[1809, 1811, 1812, 1813, 1814]'}	2000-05-10 19:50:46+08
165.90.6.209	228.107.54.55	bergnaum.com	{'cpu-0': {'idle': 97, 'usertime': 17, 'systime': 93},            'cpu_num': 1}	{'mem': {'used_percent': 77, 'total': 23, 'free': 5, 'used': 79},            'swap': {'used_percent': 10, 'total': 95, 'free': 92, 'used': 54}}	{'mountpoint0': {'mountpoint': '/', 'total': 6389,'percent': 6798, 'free': 6946, 'used': 2025},            'mountpoint1': {'mountpoint': '/boot', 'total': 5001, 'percent': 3809, 'free': 9733, 'used': 9208}}	{'packets_sent': 8752, 'bytes_sent': 5865,            'packets_recv': 8119, 'bytes_recv': 7731}	{'start_time': '2002-03-26 13:30:56', 'count_user': 8}	{'postgres': '[1821, 2168, 2169, 2170, 2171, 4766]',            'vsftpd': '[2102]', 'postfix': '[]',            'cron': '[1757]', 'nginx': '[1809, 1811, 1812, 1813, 1814]'}	1992-09-19 08:14:31+08
72.250.191.108	249.45.92.202	leffler.com	{'cpu-0': {'idle': 1, 'usertime': 42, 'systime': 99},            'cpu_num': 6}	{'mem': {'used_percent': 9, 'total': 37, 'free': 29, 'used': 35},            'swap': {'used_percent': 75, 'total': 48, 'free': 80, 'used': 66}}	{'mountpoint0': {'mountpoint': '/', 'total': 5861,'percent': 3309, 'free': 7217, 'used': 2756},            'mountpoint1': {'mountpoint': '/boot', 'total': 8953, 'percent': 7515, 'free': 4662, 'used': 3122}}	{'packets_sent': 3609, 'bytes_sent': 5588,            'packets_recv': 8525, 'bytes_recv': 7601}	{'start_time': '1977-07-05 02:44:31', 'count_user': 6}	{'postgres': '[1821, 2168, 2169, 2170, 2171, 4766]',            'vsftpd': '[2102]', 'postfix': '[]',            'cron': '[1757]', 'nginx': '[1809, 1811, 1812, 1813, 1814]'}	2002-04-11 06:13:38+08
229.172.214.36	29.189.247.148	leannon.info	{'cpu-0': {'idle': 29, 'usertime': 87, 'systime': 44},            'cpu_num': 7}	{'mem': {'used_percent': 24, 'total': 100, 'free': 20, 'used': 31},            'swap': {'used_percent': 56, 'total': 26, 'free': 72, 'used': 25}}	{'mountpoint0': {'mountpoint': '/', 'total': 1916,'percent': 5432, 'free': 5095, 'used': 6381},            'mountpoint1': {'mountpoint': '/boot', 'total': 6357, 'percent': 4110, 'free': 8502, 'used': 5753}}	{'packets_sent': 9273, 'bytes_sent': 9401,            'packets_recv': 5836, 'bytes_recv': 1732}	{'start_time': '1971-04-12 16:28:38', 'count_user': 6}	{'postgres': '[1821, 2168, 2169, 2170, 2171, 4766]',            'vsftpd': '[2102]', 'postfix': '[]',            'cron': '[1757]', 'nginx': '[1809, 1811, 1812, 1813, 1814]'}	2011-10-26 15:00:57+08
56.161.226.61	238.8.41.50	bruen.net	{'cpu-0': {'idle': 22, 'usertime': 12, 'systime': 5},            'cpu_num': 8}	{'mem': {'used_percent': 36, 'total': 20, 'free': 31, 'used': 86},            'swap': {'used_percent': 64, 'total': 5, 'free': 40, 'used': 4}}	{'mountpoint0': {'mountpoint': '/', 'total': 2951,'percent': 6459, 'free': 2455, 'used': 3598},            'mountpoint1': {'mountpoint': '/boot', 'total': 2184, 'percent': 9559, 'free': 5420, 'used': 8567}}	{'packets_sent': 6131, 'bytes_sent': 7169,            'packets_recv': 9734, 'bytes_recv': 9414}	{'start_time': '1979-06-06 06:43:35', 'count_user': 5}	{'postgres': '[1821, 2168, 2169, 2170, 2171, 4766]',            'vsftpd': '[2102]', 'postfix': '[]',            'cron': '[1757]', 'nginx': '[1809, 1811, 1812, 1813, 1814]'}	1989-06-19 07:49:37+09
35.191.227.186	4.203.21.122	bernhard.com	{'cpu-0': {'idle': 23, 'usertime': 5, 'systime': 71},            'cpu_num': 1}	{'mem': {'used_percent': 28, 'total': 75, 'free': 29, 'used': 29},            'swap': {'used_percent': 16, 'total': 46, 'free': 87, 'used': 34}}	{'mountpoint0': {'mountpoint': '/', 'total': 3278,'percent': 4919, 'free': 8670, 'used': 7320},            'mountpoint1': {'mountpoint': '/boot', 'total': 1107, 'percent': 6316, 'free': 1282, 'used': 5238}}	{'packets_sent': 2981, 'bytes_sent': 4676,            'packets_recv': 8996, 'bytes_recv': 9215}	{'start_time': '1993-02-21 09:53:03', 'count_user': 5}	{'postgres': '[1821, 2168, 2169, 2170, 2171, 4766]',            'vsftpd': '[2102]', 'postfix': '[]',            'cron': '[1757]', 'nginx': '[1809, 1811, 1812, 1813, 1814]'}	1983-08-17 14:33:30+08
189.113.63.189	97.244.190.220	friesen.biz	{'cpu-0': {'idle': 26, 'usertime': 42, 'systime': 41},            'cpu_num': 0}	{'mem': {'used_percent': 97, 'total': 3, 'free': 88, 'used': 61},            'swap': {'used_percent': 79, 'total': 94, 'free': 54, 'used': 2}}	{'mountpoint0': {'mountpoint': '/', 'total': 9753,'percent': 2911, 'free': 9357, 'used': 4453},            'mountpoint1': {'mountpoint': '/boot', 'total': 1118, 'percent': 1673, 'free': 5633, 'used': 1989}}	{'packets_sent': 3194, 'bytes_sent': 4968,            'packets_recv': 7738, 'bytes_recv': 7628}	{'start_time': '1970-03-11 02:11:35', 'count_user': 9}	{'postgres': '[1821, 2168, 2169, 2170, 2171, 4766]',            'vsftpd': '[2102]', 'postfix': '[]',            'cron': '[1757]', 'nginx': '[1809, 1811, 1812, 1813, 1814]'}	1982-05-11 09:56:59+08
222.44.143.161	171.77.201.111	klocko.info	{'cpu-0': {'idle': 19, 'usertime': 55, 'systime': 57},            'cpu_num': 8}	{'mem': {'used_percent': 18, 'total': 67, 'free': 87, 'used': 3},            'swap': {'used_percent': 19, 'total': 70, 'free': 29, 'used': 4}}	{'mountpoint0': {'mountpoint': '/', 'total': 1785,'percent': 1999, 'free': 7653, 'used': 2961},            'mountpoint1': {'mountpoint': '/boot', 'total': 1707, 'percent': 2828, 'free': 4517, 'used': 9710}}	{'packets_sent': 3472, 'bytes_sent': 1795,            'packets_recv': 5048, 'bytes_recv': 9551}	{'start_time': '1986-01-26 19:03:27', 'count_user': 9}	{'postgres': '[1821, 2168, 2169, 2170, 2171, 4766]',            'vsftpd': '[2102]', 'postfix': '[]',            'cron': '[1757]', 'nginx': '[1809, 1811, 1812, 1813, 1814]'}	1980-05-18 19:07:23+08
6.159.174.142	153.125.61.97	gutkowski.com	{'cpu-0': {'idle': 2, 'usertime': 61, 'systime': 100},            'cpu_num': 1}	{'mem': {'used_percent': 41, 'total': 14, 'free': 89, 'used': 43},            'swap': {'used_percent': 65, 'total': 56, 'free': 41, 'used': 70}}	{'mountpoint0': {'mountpoint': '/', 'total': 3196,'percent': 1709, 'free': 7543, 'used': 7275},            'mountpoint1': {'mountpoint': '/boot', 'total': 1383, 'percent': 7391, 'free': 9755, 'used': 7401}}	{'packets_sent': 2503, 'bytes_sent': 8523,            'packets_recv': 3973, 'bytes_recv': 2184}	{'start_time': '1979-08-09 19:35:35', 'count_user': 6}	{'postgres': '[1821, 2168, 2169, 2170, 2171, 4766]',            'vsftpd': '[2102]', 'postfix': '[]',            'cron': '[1757]', 'nginx': '[1809, 1811, 1812, 1813, 1814]'}	1970-10-16 11:23:47+08
34.71.225.18	214.194.111.219	kunde.info	{'cpu-0': {'idle': 12, 'usertime': 74, 'systime': 90},            'cpu_num': 7}	{'mem': {'used_percent': 77, 'total': 1, 'free': 79, 'used': 82},            'swap': {'used_percent': 59, 'total': 36, 'free': 53, 'used': 8}}	{'mountpoint0': {'mountpoint': '/', 'total': 4742,'percent': 1853, 'free': 1602, 'used': 1683},            'mountpoint1': {'mountpoint': '/boot', 'total': 8776, 'percent': 9459, 'free': 3943, 'used': 7971}}	{'packets_sent': 9814, 'bytes_sent': 1821,            'packets_recv': 4073, 'bytes_recv': 2575}	{'start_time': '1995-01-18 15:57:10', 'count_user': 5}	{'postgres': '[1821, 2168, 2169, 2170, 2171, 4766]',            'vsftpd': '[2102]', 'postfix': '[]',            'cron': '[1757]', 'nginx': '[1809, 1811, 1812, 1813, 1814]'}	2005-09-18 00:16:11+08
221.182.124.70	204.180.94.70	renner-schmidt.com	{'cpu-0': {'idle': 0, 'usertime': 12, 'systime': 10},            'cpu_num': 3}	{'mem': {'used_percent': 12, 'total': 15, 'free': 33, 'used': 35},            'swap': {'used_percent': 71, 'total': 90, 'free': 85, 'used': 10}}	{'mountpoint0': {'mountpoint': '/', 'total': 1827,'percent': 8310, 'free': 5208, 'used': 7693},            'mountpoint1': {'mountpoint': '/boot', 'total': 1933, 'percent': 7960, 'free': 2054, 'used': 5647}}	{'packets_sent': 7601, 'bytes_sent': 3918,            'packets_recv': 8628, 'bytes_recv': 8884}	{'start_time': '2010-02-18 08:30:30', 'count_user': 7}	{'postgres': '[1821, 2168, 2169, 2170, 2171, 4766]',            'vsftpd': '[2102]', 'postfix': '[]',            'cron': '[1757]', 'nginx': '[1809, 1811, 1812, 1813, 1814]'}	1989-06-25 18:25:32+09
19.209.120.150	142.72.178.134	rodriguez-keebler.net	{'cpu-0': {'idle': 37, 'usertime': 15, 'systime': 68},            'cpu_num': 1}	{'mem': {'used_percent': 60, 'total': 83, 'free': 49, 'used': 27},            'swap': {'used_percent': 87, 'total': 28, 'free': 9, 'used': 82}}	{'mountpoint0': {'mountpoint': '/', 'total': 2884,'percent': 9199, 'free': 4277, 'used': 1748},            'mountpoint1': {'mountpoint': '/boot', 'total': 8938, 'percent': 1429, 'free': 1633, 'used': 1982}}	{'packets_sent': 2119, 'bytes_sent': 4520,            'packets_recv': 5822, 'bytes_recv': 4923}	{'start_time': '1983-05-17 04:48:47', 'count_user': 8}	{'postgres': '[1821, 2168, 2169, 2170, 2171, 4766]',            'vsftpd': '[2102]', 'postfix': '[]',            'cron': '[1757]', 'nginx': '[1809, 1811, 1812, 1813, 1814]'}	2006-03-02 22:17:42+08
7.75.243.78	158.180.169.251	maggio-oconner.com	{'cpu-0': {'idle': 83, 'usertime': 50, 'systime': 96},            'cpu_num': 1}	{'mem': {'used_percent': 33, 'total': 5, 'free': 47, 'used': 89},            'swap': {'used_percent': 74, 'total': 35, 'free': 92, 'used': 66}}	{'mountpoint0': {'mountpoint': '/', 'total': 8621,'percent': 1469, 'free': 1104, 'used': 2437},            'mountpoint1': {'mountpoint': '/boot', 'total': 1773, 'percent': 5001, 'free': 6691, 'used': 8967}}	{'packets_sent': 1491, 'bytes_sent': 8618,            'packets_recv': 6803, 'bytes_recv': 7507}	{'start_time': '2000-07-25 01:04:24', 'count_user': 9}	{'postgres': '[1821, 2168, 2169, 2170, 2171, 4766]',            'vsftpd': '[2102]', 'postfix': '[]',            'cron': '[1757]', 'nginx': '[1809, 1811, 1812, 1813, 1814]'}	1987-05-04 04:24:58+09
215.241.187.51	129.161.137.150	damore.org	{'cpu-0': {'idle': 19, 'usertime': 61, 'systime': 47},            'cpu_num': 8}	{'mem': {'used_percent': 33, 'total': 77, 'free': 92, 'used': 28},            'swap': {'used_percent': 8, 'total': 14, 'free': 25, 'used': 57}}	{'mountpoint0': {'mountpoint': '/', 'total': 2226,'percent': 1918, 'free': 1815, 'used': 1528},            'mountpoint1': {'mountpoint': '/boot', 'total': 5728, 'percent': 9932, 'free': 7925, 'used': 5061}}	{'packets_sent': 2517, 'bytes_sent': 3606,            'packets_recv': 7007, 'bytes_recv': 9701}	{'start_time': '2004-07-18 16:14:53', 'count_user': 5}	{'postgres': '[1821, 2168, 2169, 2170, 2171, 4766]',            'vsftpd': '[2102]', 'postfix': '[]',            'cron': '[1757]', 'nginx': '[1809, 1811, 1812, 1813, 1814]'}	2011-12-25 19:28:05+08
234.0.94.187	249.253.211.19	aufderhar.com	{'cpu-0': {'idle': 0, 'usertime': 11, 'systime': 36},            'cpu_num': 6}	{'mem': {'used_percent': 7, 'total': 0, 'free': 77, 'used': 39},            'swap': {'used_percent': 64, 'total': 36, 'free': 83, 'used': 76}}	{'mountpoint0': {'mountpoint': '/', 'total': 7968,'percent': 8537, 'free': 3425, 'used': 4520},            'mountpoint1': {'mountpoint': '/boot', 'total': 8423, 'percent': 5241, 'free': 7881, 'used': 4133}}	{'packets_sent': 3964, 'bytes_sent': 1700,            'packets_recv': 5059, 'bytes_recv': 2128}	{'start_time': '1988-06-08 05:06:10', 'count_user': 9}	{'postgres': '[1821, 2168, 2169, 2170, 2171, 4766]',            'vsftpd': '[2102]', 'postfix': '[]',            'cron': '[1757]', 'nginx': '[1809, 1811, 1812, 1813, 1814]'}	1990-06-23 06:55:13+09
37.121.210.185	255.130.81.207	wilderman-hoeger.com	{'cpu-0': {'idle': 89, 'usertime': 44, 'systime': 92},            'cpu_num': 8}	{'mem': {'used_percent': 33, 'total': 14, 'free': 81, 'used': 45},            'swap': {'used_percent': 51, 'total': 39, 'free': 9, 'used': 83}}	{'mountpoint0': {'mountpoint': '/', 'total': 7142,'percent': 9964, 'free': 1958, 'used': 8819},            'mountpoint1': {'mountpoint': '/boot', 'total': 7568, 'percent': 8269, 'free': 6223, 'used': 4071}}	{'packets_sent': 6660, 'bytes_sent': 1675,            'packets_recv': 4398, 'bytes_recv': 5667}	{'start_time': '1970-12-13 14:54:17', 'count_user': 6}	{'postgres': '[1821, 2168, 2169, 2170, 2171, 4766]',            'vsftpd': '[2102]', 'postfix': '[]',            'cron': '[1757]', 'nginx': '[1809, 1811, 1812, 1813, 1814]'}	1998-09-28 08:35:17+08
128.78.153.249	185.106.219.91	ondricka.com	{'cpu-0': {'idle': 31, 'usertime': 65, 'systime': 37},            'cpu_num': 1}	{'mem': {'used_percent': 91, 'total': 27, 'free': 96, 'used': 19},            'swap': {'used_percent': 77, 'total': 25, 'free': 14, 'used': 71}}	{'mountpoint0': {'mountpoint': '/', 'total': 6209,'percent': 6453, 'free': 7872, 'used': 3269},            'mountpoint1': {'mountpoint': '/boot', 'total': 8175, 'percent': 7286, 'free': 6297, 'used': 1582}}	{'packets_sent': 2508, 'bytes_sent': 4596,            'packets_recv': 8370, 'bytes_recv': 6100}	{'start_time': '1997-11-26 11:34:33', 'count_user': 8}	{'postgres': '[1821, 2168, 2169, 2170, 2171, 4766]',            'vsftpd': '[2102]', 'postfix': '[]',            'cron': '[1757]', 'nginx': '[1809, 1811, 1812, 1813, 1814]'}	1973-01-27 18:51:13+08
184.15.66.159	155.11.226.144	rath.com	{'cpu-0': {'idle': 12, 'usertime': 46, 'systime': 50},            'cpu_num': 4}	{'mem': {'used_percent': 25, 'total': 1, 'free': 50, 'used': 83},            'swap': {'used_percent': 0, 'total': 40, 'free': 69, 'used': 42}}	{'mountpoint0': {'mountpoint': '/', 'total': 3785,'percent': 6842, 'free': 7091, 'used': 6931},            'mountpoint1': {'mountpoint': '/boot', 'total': 4940, 'percent': 2134, 'free': 6979, 'used': 1216}}	{'packets_sent': 9994, 'bytes_sent': 9575,            'packets_recv': 9357, 'bytes_recv': 8190}	{'start_time': '1987-07-09 05:52:27', 'count_user': 7}	{'postgres': '[1821, 2168, 2169, 2170, 2171, 4766]',            'vsftpd': '[2102]', 'postfix': '[]',            'cron': '[1757]', 'nginx': '[1809, 1811, 1812, 1813, 1814]'}	1981-06-10 22:12:39+08
72.92.204.124	27.152.6.157	franecki.com	{'cpu-0': {'idle': 36, 'usertime': 31, 'systime': 10},            'cpu_num': 1}	{'mem': {'used_percent': 5, 'total': 36, 'free': 86, 'used': 45},            'swap': {'used_percent': 75, 'total': 80, 'free': 22, 'used': 79}}	{'mountpoint0': {'mountpoint': '/', 'total': 7727,'percent': 8409, 'free': 6345, 'used': 8457},            'mountpoint1': {'mountpoint': '/boot', 'total': 8361, 'percent': 1010, 'free': 7387, 'used': 3398}}	{'packets_sent': 8752, 'bytes_sent': 1811,            'packets_recv': 2278, 'bytes_recv': 4300}	{'start_time': '2001-01-13 00:39:41', 'count_user': 6}	{'postgres': '[1821, 2168, 2169, 2170, 2171, 4766]',            'vsftpd': '[2102]', 'postfix': '[]',            'cron': '[1757]', 'nginx': '[1809, 1811, 1812, 1813, 1814]'}	2013-04-15 10:46:39+08
66.180.37.65	255.126.159.240	hagenes.com	{'cpu-0': {'idle': 40, 'usertime': 46, 'systime': 94},            'cpu_num': 3}	{'mem': {'used_percent': 54, 'total': 50, 'free': 33, 'used': 41},            'swap': {'used_percent': 38, 'total': 87, 'free': 2, 'used': 54}}	{'mountpoint0': {'mountpoint': '/', 'total': 5355,'percent': 1805, 'free': 7788, 'used': 6268},            'mountpoint1': {'mountpoint': '/boot', 'total': 3916, 'percent': 5188, 'free': 2904, 'used': 4061}}	{'packets_sent': 8669, 'bytes_sent': 5882,            'packets_recv': 6790, 'bytes_recv': 4554}	{'start_time': '2000-10-03 21:42:54', 'count_user': 7}	{'postgres': '[1821, 2168, 2169, 2170, 2171, 4766]',            'vsftpd': '[2102]', 'postfix': '[]',            'cron': '[1757]', 'nginx': '[1809, 1811, 1812, 1813, 1814]'}	1970-02-25 00:08:46+08
64.220.70.154	194.208.139.228	feil.com	{'cpu-0': {'idle': 37, 'usertime': 96, 'systime': 11},            'cpu_num': 0}	{'mem': {'used_percent': 56, 'total': 75, 'free': 45, 'used': 25},            'swap': {'used_percent': 80, 'total': 17, 'free': 28, 'used': 9}}	{'mountpoint0': {'mountpoint': '/', 'total': 4572,'percent': 7585, 'free': 2747, 'used': 2577},            'mountpoint1': {'mountpoint': '/boot', 'total': 9280, 'percent': 6806, 'free': 8813, 'used': 6920}}	{'packets_sent': 9409, 'bytes_sent': 4579,            'packets_recv': 6030, 'bytes_recv': 1331}	{'start_time': '2003-10-23 22:21:58', 'count_user': 7}	{'postgres': '[1821, 2168, 2169, 2170, 2171, 4766]',            'vsftpd': '[2102]', 'postfix': '[]',            'cron': '[1757]', 'nginx': '[1809, 1811, 1812, 1813, 1814]'}	2003-09-17 17:00:58+08
51.60.44.84	10.3.215.221	prohaska.com	{'cpu-0': {'idle': 59, 'usertime': 31, 'systime': 67},            'cpu_num': 8}	{'mem': {'used_percent': 83, 'total': 79, 'free': 80, 'used': 97},            'swap': {'used_percent': 28, 'total': 46, 'free': 56, 'used': 25}}	{'mountpoint0': {'mountpoint': '/', 'total': 3651,'percent': 6032, 'free': 4471, 'used': 6643},            'mountpoint1': {'mountpoint': '/boot', 'total': 7672, 'percent': 9521, 'free': 6388, 'used': 3826}}	{'packets_sent': 3563, 'bytes_sent': 3351,            'packets_recv': 3537, 'bytes_recv': 1641}	{'start_time': '1987-11-14 14:06:05', 'count_user': 6}	{'postgres': '[1821, 2168, 2169, 2170, 2171, 4766]',            'vsftpd': '[2102]', 'postfix': '[]',            'cron': '[1757]', 'nginx': '[1809, 1811, 1812, 1813, 1814]'}	1982-08-31 16:16:27+08
212.63.139.139	187.92.114.169	bruen.info	{'cpu-0': {'idle': 47, 'usertime': 72, 'systime': 29},            'cpu_num': 6}	{'mem': {'used_percent': 31, 'total': 85, 'free': 53, 'used': 90},            'swap': {'used_percent': 21, 'total': 66, 'free': 98, 'used': 1}}	{'mountpoint0': {'mountpoint': '/', 'total': 6882,'percent': 8619, 'free': 8865, 'used': 2672},            'mountpoint1': {'mountpoint': '/boot', 'total': 1548, 'percent': 2861, 'free': 2970, 'used': 9038}}	{'packets_sent': 4278, 'bytes_sent': 6513,            'packets_recv': 9840, 'bytes_recv': 3853}	{'start_time': '1996-04-14 11:20:34', 'count_user': 7}	{'postgres': '[1821, 2168, 2169, 2170, 2171, 4766]',            'vsftpd': '[2102]', 'postfix': '[]',            'cron': '[1757]', 'nginx': '[1809, 1811, 1812, 1813, 1814]'}	2005-12-31 10:19:49+08
74.1.60.82	165.70.231.230	carter.com	{'cpu-0': {'idle': 32, 'usertime': 60, 'systime': 0},            'cpu_num': 3}	{'mem': {'used_percent': 36, 'total': 64, 'free': 56, 'used': 48},            'swap': {'used_percent': 66, 'total': 74, 'free': 21, 'used': 90}}	{'mountpoint0': {'mountpoint': '/', 'total': 9404,'percent': 9897, 'free': 7255, 'used': 4394},            'mountpoint1': {'mountpoint': '/boot', 'total': 8192, 'percent': 3399, 'free': 5325, 'used': 5582}}	{'packets_sent': 9060, 'bytes_sent': 2435,            'packets_recv': 3073, 'bytes_recv': 6197}	{'start_time': '1977-08-31 17:08:32', 'count_user': 6}	{'postgres': '[1821, 2168, 2169, 2170, 2171, 4766]',            'vsftpd': '[2102]', 'postfix': '[]',            'cron': '[1757]', 'nginx': '[1809, 1811, 1812, 1813, 1814]'}	1989-09-23 02:42:57+08
236.239.226.197	111.166.139.138	damore.com	{'cpu-0': {'idle': 27, 'usertime': 37, 'systime': 40},            'cpu_num': 6}	{'mem': {'used_percent': 80, 'total': 40, 'free': 89, 'used': 89},            'swap': {'used_percent': 52, 'total': 80, 'free': 84, 'used': 8}}	{'mountpoint0': {'mountpoint': '/', 'total': 7885,'percent': 9205, 'free': 5488, 'used': 5384},            'mountpoint1': {'mountpoint': '/boot', 'total': 3910, 'percent': 2361, 'free': 8736, 'used': 8648}}	{'packets_sent': 5268, 'bytes_sent': 4097,            'packets_recv': 4203, 'bytes_recv': 6940}	{'start_time': '1970-07-27 20:49:34', 'count_user': 10}	{'postgres': '[1821, 2168, 2169, 2170, 2171, 4766]',            'vsftpd': '[2102]', 'postfix': '[]',            'cron': '[1757]', 'nginx': '[1809, 1811, 1812, 1813, 1814]'}	1992-06-03 23:36:32+08
123.40.22.171	207.52.99.109	reichel.com	{'cpu-0': {'idle': 13, 'usertime': 15, 'systime': 77},            'cpu_num': 1}	{'mem': {'used_percent': 6, 'total': 82, 'free': 57, 'used': 38},            'swap': {'used_percent': 85, 'total': 84, 'free': 57, 'used': 20}}	{'mountpoint0': {'mountpoint': '/', 'total': 8205,'percent': 5985, 'free': 3488, 'used': 7174},            'mountpoint1': {'mountpoint': '/boot', 'total': 5386, 'percent': 8831, 'free': 6739, 'used': 8619}}	{'packets_sent': 4855, 'bytes_sent': 7461,            'packets_recv': 3763, 'bytes_recv': 6756}	{'start_time': '1977-04-25 19:28:48', 'count_user': 10}	{'postgres': '[1821, 2168, 2169, 2170, 2171, 4766]',            'vsftpd': '[2102]', 'postfix': '[]',            'cron': '[1757]', 'nginx': '[1809, 1811, 1812, 1813, 1814]'}	1981-08-07 15:39:07+08
175.41.189.159	180.147.78.169	hagenes.info	{'cpu-0': {'idle': 98, 'usertime': 94, 'systime': 69},            'cpu_num': 0}	{'mem': {'used_percent': 30, 'total': 61, 'free': 33, 'used': 27},            'swap': {'used_percent': 3, 'total': 98, 'free': 51, 'used': 80}}	{'mountpoint0': {'mountpoint': '/', 'total': 6529,'percent': 9336, 'free': 2247, 'used': 7023},            'mountpoint1': {'mountpoint': '/boot', 'total': 9891, 'percent': 2085, 'free': 9707, 'used': 6846}}	{'packets_sent': 1267, 'bytes_sent': 7651,            'packets_recv': 6709, 'bytes_recv': 6570}	{'start_time': '2005-06-17 06:23:04', 'count_user': 7}	{'postgres': '[1821, 2168, 2169, 2170, 2171, 4766]',            'vsftpd': '[2102]', 'postfix': '[]',            'cron': '[1757]', 'nginx': '[1809, 1811, 1812, 1813, 1814]'}	1979-03-20 20:41:12+08
52.110.31.162	121.215.36.128	conn.com	{'cpu-0': {'idle': 33, 'usertime': 52, 'systime': 42},            'cpu_num': 5}	{'mem': {'used_percent': 63, 'total': 77, 'free': 39, 'used': 3},            'swap': {'used_percent': 4, 'total': 10, 'free': 93, 'used': 19}}	{'mountpoint0': {'mountpoint': '/', 'total': 1879,'percent': 7167, 'free': 6113, 'used': 7614},            'mountpoint1': {'mountpoint': '/boot', 'total': 9505, 'percent': 4842, 'free': 8625, 'used': 2697}}	{'packets_sent': 9085, 'bytes_sent': 4272,            'packets_recv': 9388, 'bytes_recv': 3356}	{'start_time': '1993-06-26 21:13:32', 'count_user': 9}	{'postgres': '[1821, 2168, 2169, 2170, 2171, 4766]',            'vsftpd': '[2102]', 'postfix': '[]',            'cron': '[1757]', 'nginx': '[1809, 1811, 1812, 1813, 1814]'}	1975-05-13 01:44:14+08
203.40.50.195	243.84.255.75	ohara-lakin.com	{'cpu-0': {'idle': 62, 'usertime': 77, 'systime': 71},            'cpu_num': 2}	{'mem': {'used_percent': 75, 'total': 69, 'free': 35, 'used': 94},            'swap': {'used_percent': 10, 'total': 12, 'free': 26, 'used': 25}}	{'mountpoint0': {'mountpoint': '/', 'total': 9575,'percent': 7359, 'free': 3060, 'used': 3265},            'mountpoint1': {'mountpoint': '/boot', 'total': 5192, 'percent': 8312, 'free': 3716, 'used': 5531}}	{'packets_sent': 2285, 'bytes_sent': 7485,            'packets_recv': 5065, 'bytes_recv': 9822}	{'start_time': '2001-09-09 08:03:26', 'count_user': 10}	{'postgres': '[1821, 2168, 2169, 2170, 2171, 4766]',            'vsftpd': '[2102]', 'postfix': '[]',            'cron': '[1757]', 'nginx': '[1809, 1811, 1812, 1813, 1814]'}	1983-09-27 16:56:52+08
218.230.58.198	184.0.69.40	dach.info	{'cpu-0': {'idle': 18, 'usertime': 23, 'systime': 42},            'cpu_num': 5}	{'mem': {'used_percent': 40, 'total': 51, 'free': 77, 'used': 9},            'swap': {'used_percent': 94, 'total': 74, 'free': 19, 'used': 41}}	{'mountpoint0': {'mountpoint': '/', 'total': 7218,'percent': 1715, 'free': 1236, 'used': 3933},            'mountpoint1': {'mountpoint': '/boot', 'total': 2637, 'percent': 6860, 'free': 8218, 'used': 6300}}	{'packets_sent': 3809, 'bytes_sent': 7035,            'packets_recv': 8576, 'bytes_recv': 6085}	{'start_time': '2007-08-05 09:44:01', 'count_user': 7}	{'postgres': '[1821, 2168, 2169, 2170, 2171, 4766]',            'vsftpd': '[2102]', 'postfix': '[]',            'cron': '[1757]', 'nginx': '[1809, 1811, 1812, 1813, 1814]'}	2003-02-01 00:48:59+08
163.121.201.14	65.22.74.120	murphy-schimmel.info	{'cpu-0': {'idle': 74, 'usertime': 20, 'systime': 67},            'cpu_num': 8}	{'mem': {'used_percent': 88, 'total': 30, 'free': 17, 'used': 55},            'swap': {'used_percent': 92, 'total': 96, 'free': 47, 'used': 18}}	{'mountpoint0': {'mountpoint': '/', 'total': 5854,'percent': 1938, 'free': 9999, 'used': 7080},            'mountpoint1': {'mountpoint': '/boot', 'total': 3670, 'percent': 5591, 'free': 3218, 'used': 4530}}	{'packets_sent': 8862, 'bytes_sent': 9738,            'packets_recv': 7644, 'bytes_recv': 5618}	{'start_time': '2011-03-07 16:01:38', 'count_user': 6}	{'postgres': '[1821, 2168, 2169, 2170, 2171, 4766]',            'vsftpd': '[2102]', 'postfix': '[]',            'cron': '[1757]', 'nginx': '[1809, 1811, 1812, 1813, 1814]'}	2013-09-02 10:33:50+08
116.157.140.175	112.226.105.122	langworth-boehm.info	{'cpu-0': {'idle': 63, 'usertime': 27, 'systime': 90},            'cpu_num': 4}	{'mem': {'used_percent': 79, 'total': 55, 'free': 85, 'used': 98},            'swap': {'used_percent': 81, 'total': 14, 'free': 70, 'used': 60}}	{'mountpoint0': {'mountpoint': '/', 'total': 9627,'percent': 3360, 'free': 2442, 'used': 4674},            'mountpoint1': {'mountpoint': '/boot', 'total': 7282, 'percent': 9405, 'free': 1712, 'used': 8985}}	{'packets_sent': 3187, 'bytes_sent': 6982,            'packets_recv': 7299, 'bytes_recv': 1444}	{'start_time': '2009-10-30 19:09:33', 'count_user': 7}	{'postgres': '[1821, 2168, 2169, 2170, 2171, 4766]',            'vsftpd': '[2102]', 'postfix': '[]',            'cron': '[1757]', 'nginx': '[1809, 1811, 1812, 1813, 1814]'}	2001-09-06 13:10:45+08
242.71.241.237	233.63.165.221	ferry-flatley.com	{'cpu-0': {'idle': 99, 'usertime': 4, 'systime': 43},            'cpu_num': 0}	{'mem': {'used_percent': 85, 'total': 86, 'free': 86, 'used': 65},            'swap': {'used_percent': 64, 'total': 33, 'free': 100, 'used': 68}}	{'mountpoint0': {'mountpoint': '/', 'total': 6738,'percent': 1151, 'free': 7252, 'used': 6282},            'mountpoint1': {'mountpoint': '/boot', 'total': 6668, 'percent': 8353, 'free': 6199, 'used': 5034}}	{'packets_sent': 2796, 'bytes_sent': 2062,            'packets_recv': 4397, 'bytes_recv': 6717}	{'start_time': '1992-06-17 17:49:25', 'count_user': 6}	{'postgres': '[1821, 2168, 2169, 2170, 2171, 4766]',            'vsftpd': '[2102]', 'postfix': '[]',            'cron': '[1757]', 'nginx': '[1809, 1811, 1812, 1813, 1814]'}	2008-01-16 20:30:10+08
9.87.57.56	107.167.124.38	mann.com	{'cpu-0': {'idle': 14, 'usertime': 26, 'systime': 77},            'cpu_num': 2}	{'mem': {'used_percent': 80, 'total': 53, 'free': 64, 'used': 59},            'swap': {'used_percent': 14, 'total': 34, 'free': 77, 'used': 83}}	{'mountpoint0': {'mountpoint': '/', 'total': 6999,'percent': 2213, 'free': 1738, 'used': 1104},            'mountpoint1': {'mountpoint': '/boot', 'total': 6995, 'percent': 3081, 'free': 5832, 'used': 7969}}	{'packets_sent': 3350, 'bytes_sent': 5353,            'packets_recv': 4955, 'bytes_recv': 2059}	{'start_time': '1985-02-25 21:52:05', 'count_user': 6}	{'postgres': '[1821, 2168, 2169, 2170, 2171, 4766]',            'vsftpd': '[2102]', 'postfix': '[]',            'cron': '[1757]', 'nginx': '[1809, 1811, 1812, 1813, 1814]'}	1981-06-13 16:23:43+08
102.145.122.230	6.88.193.7	stark-cartwright.com	{'cpu-0': {'idle': 52, 'usertime': 100, 'systime': 34},            'cpu_num': 1}	{'mem': {'used_percent': 92, 'total': 59, 'free': 11, 'used': 72},            'swap': {'used_percent': 41, 'total': 0, 'free': 60, 'used': 73}}	{'mountpoint0': {'mountpoint': '/', 'total': 3311,'percent': 2908, 'free': 8153, 'used': 9131},            'mountpoint1': {'mountpoint': '/boot', 'total': 2104, 'percent': 2422, 'free': 3858, 'used': 9526}}	{'packets_sent': 8816, 'bytes_sent': 3159,            'packets_recv': 2722, 'bytes_recv': 2338}	{'start_time': '1977-04-08 20:46:50', 'count_user': 6}	{'postgres': '[1821, 2168, 2169, 2170, 2171, 4766]',            'vsftpd': '[2102]', 'postfix': '[]',            'cron': '[1757]', 'nginx': '[1809, 1811, 1812, 1813, 1814]'}	2009-03-19 02:15:34+08
121.48.207.72	192.32.10.142	frami.com	{'cpu-0': {'idle': 57, 'usertime': 26, 'systime': 43},            'cpu_num': 0}	{'mem': {'used_percent': 63, 'total': 59, 'free': 31, 'used': 82},            'swap': {'used_percent': 29, 'total': 23, 'free': 20, 'used': 67}}	{'mountpoint0': {'mountpoint': '/', 'total': 7582,'percent': 6583, 'free': 1824, 'used': 3251},            'mountpoint1': {'mountpoint': '/boot', 'total': 2201, 'percent': 3798, 'free': 8186, 'used': 5964}}	{'packets_sent': 1245, 'bytes_sent': 7077,            'packets_recv': 3273, 'bytes_recv': 4800}	{'start_time': '2005-10-17 04:11:43', 'count_user': 7}	{'postgres': '[1821, 2168, 2169, 2170, 2171, 4766]',            'vsftpd': '[2102]', 'postfix': '[]',            'cron': '[1757]', 'nginx': '[1809, 1811, 1812, 1813, 1814]'}	1995-08-28 00:21:20+08
228.11.12.105	200.173.96.108	welch.com	{'cpu-0': {'idle': 39, 'usertime': 8, 'systime': 50},            'cpu_num': 7}	{'mem': {'used_percent': 51, 'total': 1, 'free': 92, 'used': 65},            'swap': {'used_percent': 77, 'total': 42, 'free': 68, 'used': 64}}	{'mountpoint0': {'mountpoint': '/', 'total': 8986,'percent': 6525, 'free': 4264, 'used': 5789},            'mountpoint1': {'mountpoint': '/boot', 'total': 8745, 'percent': 4554, 'free': 4748, 'used': 4722}}	{'packets_sent': 1969, 'bytes_sent': 6726,            'packets_recv': 8345, 'bytes_recv': 3972}	{'start_time': '1980-11-07 00:04:45', 'count_user': 8}	{'postgres': '[1821, 2168, 2169, 2170, 2171, 4766]',            'vsftpd': '[2102]', 'postfix': '[]',            'cron': '[1757]', 'nginx': '[1809, 1811, 1812, 1813, 1814]'}	2007-05-04 11:53:14+08
141.115.5.70	120.133.65.28	mccullough-hahn.com	{'cpu-0': {'idle': 85, 'usertime': 53, 'systime': 9},            'cpu_num': 7}	{'mem': {'used_percent': 54, 'total': 96, 'free': 61, 'used': 18},            'swap': {'used_percent': 89, 'total': 78, 'free': 17, 'used': 67}}	{'mountpoint0': {'mountpoint': '/', 'total': 8819,'percent': 8765, 'free': 5940, 'used': 1485},            'mountpoint1': {'mountpoint': '/boot', 'total': 8083, 'percent': 9218, 'free': 7250, 'used': 5739}}	{'packets_sent': 4211, 'bytes_sent': 9877,            'packets_recv': 8636, 'bytes_recv': 5927}	{'start_time': '1972-04-28 19:35:01', 'count_user': 5}	{'postgres': '[1821, 2168, 2169, 2170, 2171, 4766]',            'vsftpd': '[2102]', 'postfix': '[]',            'cron': '[1757]', 'nginx': '[1809, 1811, 1812, 1813, 1814]'}	1976-11-27 22:02:38+08
88.145.78.130	77.252.206.101	willms.com	{'cpu-0': {'idle': 28, 'usertime': 80, 'systime': 92},            'cpu_num': 8}	{'mem': {'used_percent': 5, 'total': 13, 'free': 4, 'used': 0},            'swap': {'used_percent': 43, 'total': 42, 'free': 28, 'used': 43}}	{'mountpoint0': {'mountpoint': '/', 'total': 7845,'percent': 9299, 'free': 1066, 'used': 6041},            'mountpoint1': {'mountpoint': '/boot', 'total': 7496, 'percent': 5346, 'free': 3157, 'used': 2034}}	{'packets_sent': 9804, 'bytes_sent': 2823,            'packets_recv': 9146, 'bytes_recv': 2410}	{'start_time': '2004-03-24 17:38:00', 'count_user': 10}	{'postgres': '[1821, 2168, 2169, 2170, 2171, 4766]',            'vsftpd': '[2102]', 'postfix': '[]',            'cron': '[1757]', 'nginx': '[1809, 1811, 1812, 1813, 1814]'}	2007-03-11 23:56:46+08
158.134.229.126	175.0.88.59	paucek.biz	{'cpu-0': {'idle': 80, 'usertime': 18, 'systime': 73},            'cpu_num': 8}	{'mem': {'used_percent': 47, 'total': 71, 'free': 73, 'used': 59},            'swap': {'used_percent': 44, 'total': 58, 'free': 58, 'used': 90}}	{'mountpoint0': {'mountpoint': '/', 'total': 3484,'percent': 3537, 'free': 1355, 'used': 4129},            'mountpoint1': {'mountpoint': '/boot', 'total': 7380, 'percent': 9981, 'free': 3632, 'used': 2065}}	{'packets_sent': 7765, 'bytes_sent': 1171,            'packets_recv': 9677, 'bytes_recv': 4517}	{'start_time': '2014-03-30 00:27:01', 'count_user': 8}	{'postgres': '[1821, 2168, 2169, 2170, 2171, 4766]',            'vsftpd': '[2102]', 'postfix': '[]',            'cron': '[1757]', 'nginx': '[1809, 1811, 1812, 1813, 1814]'}	2009-02-02 19:31:02+08
205.133.213.62	174.184.58.133	smitham-franecki.org	{'cpu-0': {'idle': 92, 'usertime': 92, 'systime': 34},            'cpu_num': 7}	{'mem': {'used_percent': 93, 'total': 46, 'free': 74, 'used': 92},            'swap': {'used_percent': 96, 'total': 85, 'free': 32, 'used': 85}}	{'mountpoint0': {'mountpoint': '/', 'total': 1098,'percent': 8263, 'free': 7836, 'used': 2192},            'mountpoint1': {'mountpoint': '/boot', 'total': 4780, 'percent': 6684, 'free': 2366, 'used': 8793}}	{'packets_sent': 9833, 'bytes_sent': 5080,            'packets_recv': 9851, 'bytes_recv': 3928}	{'start_time': '1974-09-19 11:04:57', 'count_user': 6}	{'postgres': '[1821, 2168, 2169, 2170, 2171, 4766]',            'vsftpd': '[2102]', 'postfix': '[]',            'cron': '[1757]', 'nginx': '[1809, 1811, 1812, 1813, 1814]'}	1992-03-01 12:01:28+08
210.44.230.108	33.150.86.62	roberts.net	{'cpu-0': {'idle': 28, 'usertime': 47, 'systime': 82},            'cpu_num': 7}	{'mem': {'used_percent': 17, 'total': 49, 'free': 87, 'used': 49},            'swap': {'used_percent': 26, 'total': 8, 'free': 35, 'used': 75}}	{'mountpoint0': {'mountpoint': '/', 'total': 6354,'percent': 4971, 'free': 7992, 'used': 2629},            'mountpoint1': {'mountpoint': '/boot', 'total': 4849, 'percent': 4482, 'free': 2414, 'used': 6405}}	{'packets_sent': 1827, 'bytes_sent': 9792,            'packets_recv': 1449, 'bytes_recv': 7329}	{'start_time': '1994-10-20 18:07:49', 'count_user': 8}	{'postgres': '[1821, 2168, 2169, 2170, 2171, 4766]',            'vsftpd': '[2102]', 'postfix': '[]',            'cron': '[1757]', 'nginx': '[1809, 1811, 1812, 1813, 1814]'}	1998-01-30 04:57:11+08
87.151.172.192	143.156.209.54	kilback-deckow.com	{'cpu-0': {'idle': 1, 'usertime': 47, 'systime': 74},            'cpu_num': 0}	{'mem': {'used_percent': 44, 'total': 51, 'free': 4, 'used': 77},            'swap': {'used_percent': 42, 'total': 61, 'free': 85, 'used': 80}}	{'mountpoint0': {'mountpoint': '/', 'total': 9537,'percent': 3570, 'free': 9647, 'used': 1464},            'mountpoint1': {'mountpoint': '/boot', 'total': 7114, 'percent': 3064, 'free': 6273, 'used': 1422}}	{'packets_sent': 9588, 'bytes_sent': 6072,            'packets_recv': 4858, 'bytes_recv': 9505}	{'start_time': '1976-08-22 23:36:08', 'count_user': 10}	{'postgres': '[1821, 2168, 2169, 2170, 2171, 4766]',            'vsftpd': '[2102]', 'postfix': '[]',            'cron': '[1757]', 'nginx': '[1809, 1811, 1812, 1813, 1814]'}	2014-04-02 01:40:27+08
159.19.125.212	110.217.12.221	boyer-waters.com	{'cpu-0': {'idle': 50, 'usertime': 42, 'systime': 59},            'cpu_num': 6}	{'mem': {'used_percent': 88, 'total': 0, 'free': 21, 'used': 96},            'swap': {'used_percent': 49, 'total': 31, 'free': 49, 'used': 81}}	{'mountpoint0': {'mountpoint': '/', 'total': 9715,'percent': 2065, 'free': 7866, 'used': 8709},            'mountpoint1': {'mountpoint': '/boot', 'total': 8552, 'percent': 3279, 'free': 6807, 'used': 9161}}	{'packets_sent': 5953, 'bytes_sent': 2070,            'packets_recv': 7153, 'bytes_recv': 1101}	{'start_time': '1973-06-07 22:02:34', 'count_user': 9}	{'postgres': '[1821, 2168, 2169, 2170, 2171, 4766]',            'vsftpd': '[2102]', 'postfix': '[]',            'cron': '[1757]', 'nginx': '[1809, 1811, 1812, 1813, 1814]'}	2012-05-29 13:32:25+08
75.144.253.130	34.135.121.153	sawayn.biz	{'cpu-0': {'idle': 19, 'usertime': 30, 'systime': 63},            'cpu_num': 7}	{'mem': {'used_percent': 32, 'total': 2, 'free': 44, 'used': 95},            'swap': {'used_percent': 47, 'total': 77, 'free': 8, 'used': 26}}	{'mountpoint0': {'mountpoint': '/', 'total': 4211,'percent': 9133, 'free': 3094, 'used': 5097},            'mountpoint1': {'mountpoint': '/boot', 'total': 2885, 'percent': 3083, 'free': 6574, 'used': 7484}}	{'packets_sent': 3106, 'bytes_sent': 4569,            'packets_recv': 1587, 'bytes_recv': 2531}	{'start_time': '2013-01-10 18:35:10', 'count_user': 7}	{'postgres': '[1821, 2168, 2169, 2170, 2171, 4766]',            'vsftpd': '[2102]', 'postfix': '[]',            'cron': '[1757]', 'nginx': '[1809, 1811, 1812, 1813, 1814]'}	1999-04-26 11:35:20+08
242.221.177.202	173.55.240.111	metz-kshlerin.com	{'cpu-0': {'idle': 18, 'usertime': 67, 'systime': 88},            'cpu_num': 8}	{'mem': {'used_percent': 20, 'total': 79, 'free': 67, 'used': 83},            'swap': {'used_percent': 68, 'total': 3, 'free': 7, 'used': 26}}	{'mountpoint0': {'mountpoint': '/', 'total': 6127,'percent': 4146, 'free': 8170, 'used': 8088},            'mountpoint1': {'mountpoint': '/boot', 'total': 9210, 'percent': 3287, 'free': 7125, 'used': 9407}}	{'packets_sent': 1803, 'bytes_sent': 6648,            'packets_recv': 6281, 'bytes_recv': 6883}	{'start_time': '1975-07-14 04:40:16', 'count_user': 6}	{'postgres': '[1821, 2168, 2169, 2170, 2171, 4766]',            'vsftpd': '[2102]', 'postfix': '[]',            'cron': '[1757]', 'nginx': '[1809, 1811, 1812, 1813, 1814]'}	1990-02-03 19:48:00+08
189.133.139.107	17.102.62.229	medhurst.com	{'cpu-0': {'idle': 78, 'usertime': 99, 'systime': 82},            'cpu_num': 5}	{'mem': {'used_percent': 93, 'total': 7, 'free': 36, 'used': 59},            'swap': {'used_percent': 60, 'total': 10, 'free': 65, 'used': 27}}	{'mountpoint0': {'mountpoint': '/', 'total': 8222,'percent': 2846, 'free': 8430, 'used': 3490},            'mountpoint1': {'mountpoint': '/boot', 'total': 1584, 'percent': 9065, 'free': 9787, 'used': 6960}}	{'packets_sent': 9806, 'bytes_sent': 2909,            'packets_recv': 5776, 'bytes_recv': 5649}	{'start_time': '1996-09-13 13:04:34', 'count_user': 5}	{'postgres': '[1821, 2168, 2169, 2170, 2171, 4766]',            'vsftpd': '[2102]', 'postfix': '[]',            'cron': '[1757]', 'nginx': '[1809, 1811, 1812, 1813, 1814]'}	1979-01-20 21:44:56+08
188.38.247.119	100.90.63.75	harris-lueilwitz.org	{'cpu-0': {'idle': 28, 'usertime': 75, 'systime': 49},            'cpu_num': 5}	{'mem': {'used_percent': 18, 'total': 20, 'free': 9, 'used': 16},            'swap': {'used_percent': 39, 'total': 43, 'free': 16, 'used': 73}}	{'mountpoint0': {'mountpoint': '/', 'total': 3756,'percent': 2275, 'free': 4921, 'used': 7228},            'mountpoint1': {'mountpoint': '/boot', 'total': 6386, 'percent': 4955, 'free': 3787, 'used': 1349}}	{'packets_sent': 7397, 'bytes_sent': 6776,            'packets_recv': 2196, 'bytes_recv': 5938}	{'start_time': '2011-04-11 20:13:54', 'count_user': 7}	{'postgres': '[1821, 2168, 2169, 2170, 2171, 4766]',            'vsftpd': '[2102]', 'postfix': '[]',            'cron': '[1757]', 'nginx': '[1809, 1811, 1812, 1813, 1814]'}	2001-07-02 08:33:40+08
79.140.244.126	12.229.107.162	balistreri.net	{'cpu-0': {'idle': 37, 'usertime': 60, 'systime': 23},            'cpu_num': 4}	{'mem': {'used_percent': 79, 'total': 67, 'free': 49, 'used': 41},            'swap': {'used_percent': 87, 'total': 42, 'free': 33, 'used': 94}}	{'mountpoint0': {'mountpoint': '/', 'total': 2297,'percent': 7809, 'free': 1063, 'used': 9386},            'mountpoint1': {'mountpoint': '/boot', 'total': 7698, 'percent': 7718, 'free': 8161, 'used': 5833}}	{'packets_sent': 2721, 'bytes_sent': 8201,            'packets_recv': 8115, 'bytes_recv': 9765}	{'start_time': '1990-04-01 05:55:34', 'count_user': 6}	{'postgres': '[1821, 2168, 2169, 2170, 2171, 4766]',            'vsftpd': '[2102]', 'postfix': '[]',            'cron': '[1757]', 'nginx': '[1809, 1811, 1812, 1813, 1814]'}	2011-05-21 21:59:56+08
147.11.220.52	169.178.224.72	steuber-herman.net	{'cpu-0': {'idle': 40, 'usertime': 64, 'systime': 47},            'cpu_num': 5}	{'mem': {'used_percent': 33, 'total': 95, 'free': 57, 'used': 74},            'swap': {'used_percent': 85, 'total': 49, 'free': 59, 'used': 12}}	{'mountpoint0': {'mountpoint': '/', 'total': 2505,'percent': 2817, 'free': 9568, 'used': 1320},            'mountpoint1': {'mountpoint': '/boot', 'total': 4188, 'percent': 4681, 'free': 6465, 'used': 2258}}	{'packets_sent': 3850, 'bytes_sent': 7442,            'packets_recv': 6294, 'bytes_recv': 9414}	{'start_time': '1973-01-23 08:59:02', 'count_user': 10}	{'postgres': '[1821, 2168, 2169, 2170, 2171, 4766]',            'vsftpd': '[2102]', 'postfix': '[]',            'cron': '[1757]', 'nginx': '[1809, 1811, 1812, 1813, 1814]'}	2008-06-25 01:51:04+08
167.7.107.204	15.86.195.40	larson-ernser.com	{'cpu-0': {'idle': 18, 'usertime': 85, 'systime': 37},            'cpu_num': 3}	{'mem': {'used_percent': 2, 'total': 55, 'free': 93, 'used': 69},            'swap': {'used_percent': 66, 'total': 10, 'free': 21, 'used': 79}}	{'mountpoint0': {'mountpoint': '/', 'total': 2235,'percent': 8255, 'free': 6368, 'used': 4950},            'mountpoint1': {'mountpoint': '/boot', 'total': 8955, 'percent': 8705, 'free': 8232, 'used': 5617}}	{'packets_sent': 9715, 'bytes_sent': 1092,            'packets_recv': 8900, 'bytes_recv': 2142}	{'start_time': '2008-10-11 07:50:47', 'count_user': 8}	{'postgres': '[1821, 2168, 2169, 2170, 2171, 4766]',            'vsftpd': '[2102]', 'postfix': '[]',            'cron': '[1757]', 'nginx': '[1809, 1811, 1812, 1813, 1814]'}	1997-09-09 05:49:04+08
123.207.152.246	171.117.241.211	sanford.biz	{'cpu-0': {'idle': 28, 'usertime': 63, 'systime': 2},            'cpu_num': 6}	{'mem': {'used_percent': 52, 'total': 25, 'free': 71, 'used': 23},            'swap': {'used_percent': 96, 'total': 58, 'free': 83, 'used': 53}}	{'mountpoint0': {'mountpoint': '/', 'total': 7634,'percent': 2565, 'free': 7821, 'used': 1080},            'mountpoint1': {'mountpoint': '/boot', 'total': 6651, 'percent': 3169, 'free': 3559, 'used': 9715}}	{'packets_sent': 6787, 'bytes_sent': 9480,            'packets_recv': 8300, 'bytes_recv': 5134}	{'start_time': '1976-01-05 10:20:03', 'count_user': 9}	{'postgres': '[1821, 2168, 2169, 2170, 2171, 4766]',            'vsftpd': '[2102]', 'postfix': '[]',            'cron': '[1757]', 'nginx': '[1809, 1811, 1812, 1813, 1814]'}	1975-12-02 06:05:29+08
32.3.121.192	225.114.220.140	nicolas.info	{'cpu-0': {'idle': 55, 'usertime': 93, 'systime': 49},            'cpu_num': 3}	{'mem': {'used_percent': 98, 'total': 17, 'free': 31, 'used': 21},            'swap': {'used_percent': 98, 'total': 26, 'free': 57, 'used': 35}}	{'mountpoint0': {'mountpoint': '/', 'total': 3586,'percent': 9412, 'free': 2395, 'used': 3206},            'mountpoint1': {'mountpoint': '/boot', 'total': 1646, 'percent': 5141, 'free': 4465, 'used': 4977}}	{'packets_sent': 1848, 'bytes_sent': 5254,            'packets_recv': 1700, 'bytes_recv': 5625}	{'start_time': '2003-12-21 04:23:34', 'count_user': 10}	{'postgres': '[1821, 2168, 2169, 2170, 2171, 4766]',            'vsftpd': '[2102]', 'postfix': '[]',            'cron': '[1757]', 'nginx': '[1809, 1811, 1812, 1813, 1814]'}	2001-08-09 06:49:56+08
4.98.146.100	93.6.16.141	sporer-reichert.com	{'cpu-0': {'idle': 38, 'usertime': 74, 'systime': 29},            'cpu_num': 8}	{'mem': {'used_percent': 48, 'total': 29, 'free': 24, 'used': 85},            'swap': {'used_percent': 40, 'total': 47, 'free': 28, 'used': 33}}	{'mountpoint0': {'mountpoint': '/', 'total': 2548,'percent': 7156, 'free': 5139, 'used': 6542},            'mountpoint1': {'mountpoint': '/boot', 'total': 9547, 'percent': 2757, 'free': 1044, 'used': 4444}}	{'packets_sent': 4529, 'bytes_sent': 2580,            'packets_recv': 3273, 'bytes_recv': 5006}	{'start_time': '1989-05-07 08:43:03', 'count_user': 6}	{'postgres': '[1821, 2168, 2169, 2170, 2171, 4766]',            'vsftpd': '[2102]', 'postfix': '[]',            'cron': '[1757]', 'nginx': '[1809, 1811, 1812, 1813, 1814]'}	1970-04-05 06:40:10+08
99.253.231.90	191.101.50.11	mclaughlin.org	{'cpu-0': {'idle': 66, 'usertime': 100, 'systime': 49},            'cpu_num': 8}	{'mem': {'used_percent': 49, 'total': 15, 'free': 48, 'used': 58},            'swap': {'used_percent': 39, 'total': 92, 'free': 0, 'used': 54}}	{'mountpoint0': {'mountpoint': '/', 'total': 1762,'percent': 3020, 'free': 6465, 'used': 1939},            'mountpoint1': {'mountpoint': '/boot', 'total': 6629, 'percent': 3705, 'free': 2269, 'used': 9271}}	{'packets_sent': 3251, 'bytes_sent': 6653,            'packets_recv': 6188, 'bytes_recv': 6300}	{'start_time': '2005-09-11 00:53:37', 'count_user': 6}	{'postgres': '[1821, 2168, 2169, 2170, 2171, 4766]',            'vsftpd': '[2102]', 'postfix': '[]',            'cron': '[1757]', 'nginx': '[1809, 1811, 1812, 1813, 1814]'}	2012-08-12 05:52:51+08
47.55.0.199	197.182.140.14	rice.com	{'cpu-0': {'idle': 55, 'usertime': 79, 'systime': 9},            'cpu_num': 1}	{'mem': {'used_percent': 53, 'total': 5, 'free': 11, 'used': 71},            'swap': {'used_percent': 68, 'total': 49, 'free': 82, 'used': 60}}	{'mountpoint0': {'mountpoint': '/', 'total': 4404,'percent': 7205, 'free': 6230, 'used': 9236},            'mountpoint1': {'mountpoint': '/boot', 'total': 9030, 'percent': 1526, 'free': 9794, 'used': 4596}}	{'packets_sent': 4273, 'bytes_sent': 9084,            'packets_recv': 4860, 'bytes_recv': 9965}	{'start_time': '2000-01-05 08:30:15', 'count_user': 9}	{'postgres': '[1821, 2168, 2169, 2170, 2171, 4766]',            'vsftpd': '[2102]', 'postfix': '[]',            'cron': '[1757]', 'nginx': '[1809, 1811, 1812, 1813, 1814]'}	1971-02-18 19:34:27+08
172.100.254.102	38.153.22.105	hammes.net	{'cpu-0': {'idle': 70, 'usertime': 69, 'systime': 42},            'cpu_num': 1}	{'mem': {'used_percent': 21, 'total': 22, 'free': 5, 'used': 70},            'swap': {'used_percent': 54, 'total': 87, 'free': 94, 'used': 39}}	{'mountpoint0': {'mountpoint': '/', 'total': 4963,'percent': 2436, 'free': 9175, 'used': 3306},            'mountpoint1': {'mountpoint': '/boot', 'total': 5331, 'percent': 6233, 'free': 8416, 'used': 2582}}	{'packets_sent': 8075, 'bytes_sent': 7188,            'packets_recv': 4058, 'bytes_recv': 9415}	{'start_time': '2003-06-04 05:08:28', 'count_user': 6}	{'postgres': '[1821, 2168, 2169, 2170, 2171, 4766]',            'vsftpd': '[2102]', 'postfix': '[]',            'cron': '[1757]', 'nginx': '[1809, 1811, 1812, 1813, 1814]'}	2000-08-15 16:28:08+08
57.211.227.35	162.73.228.224	jakubowski.com	{'cpu-0': {'idle': 65, 'usertime': 10, 'systime': 80},            'cpu_num': 4}	{'mem': {'used_percent': 40, 'total': 83, 'free': 52, 'used': 92},            'swap': {'used_percent': 4, 'total': 67, 'free': 81, 'used': 75}}	{'mountpoint0': {'mountpoint': '/', 'total': 9740,'percent': 9408, 'free': 8304, 'used': 6112},            'mountpoint1': {'mountpoint': '/boot', 'total': 3239, 'percent': 8820, 'free': 9960, 'used': 9188}}	{'packets_sent': 9969, 'bytes_sent': 2398,            'packets_recv': 9236, 'bytes_recv': 2895}	{'start_time': '2001-04-06 04:39:23', 'count_user': 9}	{'postgres': '[1821, 2168, 2169, 2170, 2171, 4766]',            'vsftpd': '[2102]', 'postfix': '[]',            'cron': '[1757]', 'nginx': '[1809, 1811, 1812, 1813, 1814]'}	1975-02-09 20:51:03+08
161.128.18.123	172.58.208.246	medhurst.org	{'cpu-0': {'idle': 25, 'usertime': 49, 'systime': 40},            'cpu_num': 8}	{'mem': {'used_percent': 3, 'total': 26, 'free': 53, 'used': 17},            'swap': {'used_percent': 99, 'total': 49, 'free': 92, 'used': 18}}	{'mountpoint0': {'mountpoint': '/', 'total': 3103,'percent': 5582, 'free': 5968, 'used': 9257},            'mountpoint1': {'mountpoint': '/boot', 'total': 3482, 'percent': 2879, 'free': 6846, 'used': 5008}}	{'packets_sent': 7290, 'bytes_sent': 3043,            'packets_recv': 6006, 'bytes_recv': 9949}	{'start_time': '1998-10-13 04:03:49', 'count_user': 9}	{'postgres': '[1821, 2168, 2169, 2170, 2171, 4766]',            'vsftpd': '[2102]', 'postfix': '[]',            'cron': '[1757]', 'nginx': '[1809, 1811, 1812, 1813, 1814]'}	1988-09-01 18:04:57+09
70.219.152.1	246.63.66.88	lindgren.info	{'cpu-0': {'idle': 71, 'usertime': 62, 'systime': 24},            'cpu_num': 3}	{'mem': {'used_percent': 34, 'total': 95, 'free': 25, 'used': 2},            'swap': {'used_percent': 75, 'total': 54, 'free': 91, 'used': 90}}	{'mountpoint0': {'mountpoint': '/', 'total': 5930,'percent': 1983, 'free': 9749, 'used': 9601},            'mountpoint1': {'mountpoint': '/boot', 'total': 9407, 'percent': 5792, 'free': 1803, 'used': 5956}}	{'packets_sent': 7986, 'bytes_sent': 9102,            'packets_recv': 2053, 'bytes_recv': 8952}	{'start_time': '2001-10-04 21:05:54', 'count_user': 5}	{'postgres': '[1821, 2168, 2169, 2170, 2171, 4766]',            'vsftpd': '[2102]', 'postfix': '[]',            'cron': '[1757]', 'nginx': '[1809, 1811, 1812, 1813, 1814]'}	2004-07-31 05:57:53+08
65.75.117.146	13.56.231.232	swift.com	{'cpu-0': {'idle': 41, 'usertime': 58, 'systime': 56},            'cpu_num': 1}	{'mem': {'used_percent': 100, 'total': 44, 'free': 62, 'used': 92},            'swap': {'used_percent': 24, 'total': 86, 'free': 31, 'used': 63}}	{'mountpoint0': {'mountpoint': '/', 'total': 4214,'percent': 2825, 'free': 2626, 'used': 6167},            'mountpoint1': {'mountpoint': '/boot', 'total': 4974, 'percent': 1569, 'free': 6905, 'used': 6251}}	{'packets_sent': 7962, 'bytes_sent': 4501,            'packets_recv': 2206, 'bytes_recv': 9838}	{'start_time': '1978-09-15 18:00:20', 'count_user': 10}	{'postgres': '[1821, 2168, 2169, 2170, 2171, 4766]',            'vsftpd': '[2102]', 'postfix': '[]',            'cron': '[1757]', 'nginx': '[1809, 1811, 1812, 1813, 1814]'}	1970-07-07 10:57:39+08
136.194.139.223	84.130.84.33	schimmel.com	{'cpu-0': {'idle': 54, 'usertime': 63, 'systime': 71},            'cpu_num': 2}	{'mem': {'used_percent': 28, 'total': 37, 'free': 99, 'used': 52},            'swap': {'used_percent': 9, 'total': 72, 'free': 31, 'used': 3}}	{'mountpoint0': {'mountpoint': '/', 'total': 7566,'percent': 1173, 'free': 5768, 'used': 9850},            'mountpoint1': {'mountpoint': '/boot', 'total': 3874, 'percent': 9577, 'free': 7788, 'used': 4609}}	{'packets_sent': 1288, 'bytes_sent': 8472,            'packets_recv': 2454, 'bytes_recv': 5680}	{'start_time': '1989-01-04 04:14:26', 'count_user': 6}	{'postgres': '[1821, 2168, 2169, 2170, 2171, 4766]',            'vsftpd': '[2102]', 'postfix': '[]',            'cron': '[1757]', 'nginx': '[1809, 1811, 1812, 1813, 1814]'}	1982-12-13 14:46:59+08
168.246.15.204	56.30.156.110	blick.com	{'cpu-0': {'idle': 48, 'usertime': 84, 'systime': 70},            'cpu_num': 2}	{'mem': {'used_percent': 77, 'total': 29, 'free': 33, 'used': 57},            'swap': {'used_percent': 95, 'total': 6, 'free': 82, 'used': 12}}	{'mountpoint0': {'mountpoint': '/', 'total': 5535,'percent': 1873, 'free': 3423, 'used': 6235},            'mountpoint1': {'mountpoint': '/boot', 'total': 9724, 'percent': 8394, 'free': 9761, 'used': 5584}}	{'packets_sent': 4960, 'bytes_sent': 2742,            'packets_recv': 5740, 'bytes_recv': 4471}	{'start_time': '1971-03-21 16:52:01', 'count_user': 10}	{'postgres': '[1821, 2168, 2169, 2170, 2171, 4766]',            'vsftpd': '[2102]', 'postfix': '[]',            'cron': '[1757]', 'nginx': '[1809, 1811, 1812, 1813, 1814]'}	2014-05-08 10:22:22+08
136.148.125.211	92.67.115.0	goldner-shields.com	{'cpu-0': {'idle': 64, 'usertime': 60, 'systime': 51},            'cpu_num': 7}	{'mem': {'used_percent': 87, 'total': 23, 'free': 72, 'used': 31},            'swap': {'used_percent': 97, 'total': 58, 'free': 53, 'used': 38}}	{'mountpoint0': {'mountpoint': '/', 'total': 7011,'percent': 3779, 'free': 1997, 'used': 1558},            'mountpoint1': {'mountpoint': '/boot', 'total': 9641, 'percent': 3815, 'free': 2357, 'used': 7640}}	{'packets_sent': 5656, 'bytes_sent': 7476,            'packets_recv': 3299, 'bytes_recv': 9299}	{'start_time': '1980-07-29 10:47:38', 'count_user': 6}	{'postgres': '[1821, 2168, 2169, 2170, 2171, 4766]',            'vsftpd': '[2102]', 'postfix': '[]',            'cron': '[1757]', 'nginx': '[1809, 1811, 1812, 1813, 1814]'}	1985-01-01 20:00:33+08
112.62.208.79	148.142.177.216	hintz-tromp.com	{'cpu-0': {'idle': 48, 'usertime': 36, 'systime': 47},            'cpu_num': 2}	{'mem': {'used_percent': 89, 'total': 76, 'free': 5, 'used': 29},            'swap': {'used_percent': 80, 'total': 72, 'free': 7, 'used': 5}}	{'mountpoint0': {'mountpoint': '/', 'total': 2627,'percent': 6760, 'free': 6119, 'used': 6312},            'mountpoint1': {'mountpoint': '/boot', 'total': 7057, 'percent': 4761, 'free': 3939, 'used': 3300}}	{'packets_sent': 3139, 'bytes_sent': 1966,            'packets_recv': 3057, 'bytes_recv': 2819}	{'start_time': '2001-07-20 07:46:01', 'count_user': 5}	{'postgres': '[1821, 2168, 2169, 2170, 2171, 4766]',            'vsftpd': '[2102]', 'postfix': '[]',            'cron': '[1757]', 'nginx': '[1809, 1811, 1812, 1813, 1814]'}	1982-02-11 04:41:49+08
33.177.31.79	9.82.83.233	thiel-gibson.com	{'cpu-0': {'idle': 54, 'usertime': 53, 'systime': 100},            'cpu_num': 1}	{'mem': {'used_percent': 76, 'total': 40, 'free': 13, 'used': 44},            'swap': {'used_percent': 38, 'total': 93, 'free': 72, 'used': 37}}	{'mountpoint0': {'mountpoint': '/', 'total': 7281,'percent': 7806, 'free': 9232, 'used': 7126},            'mountpoint1': {'mountpoint': '/boot', 'total': 5673, 'percent': 1929, 'free': 1482, 'used': 5128}}	{'packets_sent': 4121, 'bytes_sent': 7963,            'packets_recv': 2783, 'bytes_recv': 2114}	{'start_time': '1971-09-21 06:44:15', 'count_user': 9}	{'postgres': '[1821, 2168, 2169, 2170, 2171, 4766]',            'vsftpd': '[2102]', 'postfix': '[]',            'cron': '[1757]', 'nginx': '[1809, 1811, 1812, 1813, 1814]'}	1992-05-08 14:44:06+08
21.199.166.8	244.8.253.200	romaguera.com	{'cpu-0': {'idle': 15, 'usertime': 30, 'systime': 24},            'cpu_num': 8}	{'mem': {'used_percent': 5, 'total': 93, 'free': 10, 'used': 24},            'swap': {'used_percent': 100, 'total': 80, 'free': 96, 'used': 1}}	{'mountpoint0': {'mountpoint': '/', 'total': 7296,'percent': 2152, 'free': 7131, 'used': 4364},            'mountpoint1': {'mountpoint': '/boot', 'total': 5155, 'percent': 8772, 'free': 2896, 'used': 6562}}	{'packets_sent': 6665, 'bytes_sent': 6182,            'packets_recv': 2080, 'bytes_recv': 2918}	{'start_time': '2011-02-14 06:06:24', 'count_user': 10}	{'postgres': '[1821, 2168, 2169, 2170, 2171, 4766]',            'vsftpd': '[2102]', 'postfix': '[]',            'cron': '[1757]', 'nginx': '[1809, 1811, 1812, 1813, 1814]'}	2009-03-24 10:16:37+08
237.239.102.143	41.18.3.43	bogan.com	{'cpu-0': {'idle': 72, 'usertime': 3, 'systime': 63},            'cpu_num': 7}	{'mem': {'used_percent': 61, 'total': 39, 'free': 27, 'used': 61},            'swap': {'used_percent': 98, 'total': 17, 'free': 98, 'used': 71}}	{'mountpoint0': {'mountpoint': '/', 'total': 6677,'percent': 4159, 'free': 2136, 'used': 3850},            'mountpoint1': {'mountpoint': '/boot', 'total': 8916, 'percent': 7032, 'free': 6545, 'used': 6592}}	{'packets_sent': 6651, 'bytes_sent': 5943,            'packets_recv': 9736, 'bytes_recv': 3613}	{'start_time': '2004-03-08 11:07:15', 'count_user': 6}	{'postgres': '[1821, 2168, 2169, 2170, 2171, 4766]',            'vsftpd': '[2102]', 'postfix': '[]',            'cron': '[1757]', 'nginx': '[1809, 1811, 1812, 1813, 1814]'}	2008-02-13 07:57:47+08
100.59.28.251	28.72.86.22	bernier.biz	{'cpu-0': {'idle': 63, 'usertime': 7, 'systime': 80},            'cpu_num': 0}	{'mem': {'used_percent': 49, 'total': 49, 'free': 64, 'used': 44},            'swap': {'used_percent': 10, 'total': 31, 'free': 73, 'used': 87}}	{'mountpoint0': {'mountpoint': '/', 'total': 3411,'percent': 4567, 'free': 7763, 'used': 9277},            'mountpoint1': {'mountpoint': '/boot', 'total': 7901, 'percent': 7399, 'free': 1995, 'used': 4120}}	{'packets_sent': 2240, 'bytes_sent': 8560,            'packets_recv': 2101, 'bytes_recv': 2644}	{'start_time': '1976-11-09 06:59:26', 'count_user': 10}	{'postgres': '[1821, 2168, 2169, 2170, 2171, 4766]',            'vsftpd': '[2102]', 'postfix': '[]',            'cron': '[1757]', 'nginx': '[1809, 1811, 1812, 1813, 1814]'}	2012-07-12 20:12:29+08
207.51.149.174	139.225.70.232	reynolds.com	{'cpu-0': {'idle': 38, 'usertime': 21, 'systime': 54},            'cpu_num': 1}	{'mem': {'used_percent': 64, 'total': 35, 'free': 87, 'used': 92},            'swap': {'used_percent': 41, 'total': 1, 'free': 88, 'used': 80}}	{'mountpoint0': {'mountpoint': '/', 'total': 2247,'percent': 9305, 'free': 1767, 'used': 6822},            'mountpoint1': {'mountpoint': '/boot', 'total': 5168, 'percent': 8442, 'free': 5881, 'used': 7130}}	{'packets_sent': 3465, 'bytes_sent': 7748,            'packets_recv': 8754, 'bytes_recv': 4843}	{'start_time': '1996-01-06 08:49:29', 'count_user': 5}	{'postgres': '[1821, 2168, 2169, 2170, 2171, 4766]',            'vsftpd': '[2102]', 'postfix': '[]',            'cron': '[1757]', 'nginx': '[1809, 1811, 1812, 1813, 1814]'}	2001-10-06 18:39:25+08
211.109.217.28	23.39.89.247	hirthe.biz	{'cpu-0': {'idle': 59, 'usertime': 78, 'systime': 95},            'cpu_num': 7}	{'mem': {'used_percent': 28, 'total': 37, 'free': 97, 'used': 87},            'swap': {'used_percent': 20, 'total': 30, 'free': 64, 'used': 62}}	{'mountpoint0': {'mountpoint': '/', 'total': 4794,'percent': 8477, 'free': 8443, 'used': 1709},            'mountpoint1': {'mountpoint': '/boot', 'total': 3955, 'percent': 3355, 'free': 4366, 'used': 2321}}	{'packets_sent': 6217, 'bytes_sent': 6292,            'packets_recv': 1810, 'bytes_recv': 1265}	{'start_time': '2008-11-26 09:33:26', 'count_user': 6}	{'postgres': '[1821, 2168, 2169, 2170, 2171, 4766]',            'vsftpd': '[2102]', 'postfix': '[]',            'cron': '[1757]', 'nginx': '[1809, 1811, 1812, 1813, 1814]'}	1987-10-08 07:38:56+08
126.12.206.165	0.122.162.173	collins.biz	{'cpu-0': {'idle': 84, 'usertime': 99, 'systime': 6},            'cpu_num': 2}	{'mem': {'used_percent': 94, 'total': 39, 'free': 9, 'used': 26},            'swap': {'used_percent': 30, 'total': 47, 'free': 90, 'used': 62}}	{'mountpoint0': {'mountpoint': '/', 'total': 8426,'percent': 6351, 'free': 5153, 'used': 5326},            'mountpoint1': {'mountpoint': '/boot', 'total': 4633, 'percent': 5692, 'free': 6359, 'used': 6647}}	{'packets_sent': 2286, 'bytes_sent': 2602,            'packets_recv': 3949, 'bytes_recv': 7664}	{'start_time': '2000-07-19 10:54:34', 'count_user': 5}	{'postgres': '[1821, 2168, 2169, 2170, 2171, 4766]',            'vsftpd': '[2102]', 'postfix': '[]',            'cron': '[1757]', 'nginx': '[1809, 1811, 1812, 1813, 1814]'}	2007-12-06 09:24:13+08
29.84.163.82	111.188.84.72	koss.com	{'cpu-0': {'idle': 13, 'usertime': 4, 'systime': 77},            'cpu_num': 5}	{'mem': {'used_percent': 78, 'total': 83, 'free': 87, 'used': 93},            'swap': {'used_percent': 17, 'total': 7, 'free': 17, 'used': 26}}	{'mountpoint0': {'mountpoint': '/', 'total': 2967,'percent': 6886, 'free': 1107, 'used': 6879},            'mountpoint1': {'mountpoint': '/boot', 'total': 4309, 'percent': 9530, 'free': 3499, 'used': 3804}}	{'packets_sent': 2846, 'bytes_sent': 5332,            'packets_recv': 1216, 'bytes_recv': 1548}	{'start_time': '1989-11-20 15:45:31', 'count_user': 10}	{'postgres': '[1821, 2168, 2169, 2170, 2171, 4766]',            'vsftpd': '[2102]', 'postfix': '[]',            'cron': '[1757]', 'nginx': '[1809, 1811, 1812, 1813, 1814]'}	1976-04-24 07:17:43+08
32.175.205.117	26.78.241.219	larkin-casper.com	{'cpu-0': {'idle': 98, 'usertime': 76, 'systime': 73},            'cpu_num': 1}	{'mem': {'used_percent': 53, 'total': 35, 'free': 54, 'used': 41},            'swap': {'used_percent': 62, 'total': 57, 'free': 77, 'used': 7}}	{'mountpoint0': {'mountpoint': '/', 'total': 1826,'percent': 1337, 'free': 2509, 'used': 6848},            'mountpoint1': {'mountpoint': '/boot', 'total': 6873, 'percent': 4531, 'free': 3319, 'used': 6548}}	{'packets_sent': 9767, 'bytes_sent': 8835,            'packets_recv': 2447, 'bytes_recv': 3854}	{'start_time': '1994-04-11 00:54:03', 'count_user': 5}	{'postgres': '[1821, 2168, 2169, 2170, 2171, 4766]',            'vsftpd': '[2102]', 'postfix': '[]',            'cron': '[1757]', 'nginx': '[1809, 1811, 1812, 1813, 1814]'}	2012-06-14 06:18:39+08
122.239.212.234	149.115.154.169	bayer.com	{'cpu-0': {'idle': 66, 'usertime': 59, 'systime': 34},            'cpu_num': 7}	{'mem': {'used_percent': 74, 'total': 83, 'free': 64, 'used': 41},            'swap': {'used_percent': 67, 'total': 7, 'free': 19, 'used': 79}}	{'mountpoint0': {'mountpoint': '/', 'total': 10000,'percent': 3164, 'free': 3026, 'used': 7369},            'mountpoint1': {'mountpoint': '/boot', 'total': 2410, 'percent': 9578, 'free': 6139, 'used': 9717}}	{'packets_sent': 6080, 'bytes_sent': 6109,            'packets_recv': 5455, 'bytes_recv': 8922}	{'start_time': '1999-12-21 17:12:00', 'count_user': 10}	{'postgres': '[1821, 2168, 2169, 2170, 2171, 4766]',            'vsftpd': '[2102]', 'postfix': '[]',            'cron': '[1757]', 'nginx': '[1809, 1811, 1812, 1813, 1814]'}	1981-07-18 20:42:29+08
199.112.31.148	252.138.235.242	rosenbaum.com	{'cpu-0': {'idle': 69, 'usertime': 87, 'systime': 56},            'cpu_num': 7}	{'mem': {'used_percent': 15, 'total': 94, 'free': 23, 'used': 94},            'swap': {'used_percent': 93, 'total': 88, 'free': 23, 'used': 36}}	{'mountpoint0': {'mountpoint': '/', 'total': 1526,'percent': 6213, 'free': 3717, 'used': 4886},            'mountpoint1': {'mountpoint': '/boot', 'total': 4847, 'percent': 8053, 'free': 5367, 'used': 5236}}	{'packets_sent': 7146, 'bytes_sent': 6144,            'packets_recv': 4451, 'bytes_recv': 7955}	{'start_time': '2005-06-19 12:58:43', 'count_user': 8}	{'postgres': '[1821, 2168, 2169, 2170, 2171, 4766]',            'vsftpd': '[2102]', 'postfix': '[]',            'cron': '[1757]', 'nginx': '[1809, 1811, 1812, 1813, 1814]'}	2001-01-30 18:27:07+08
181.51.71.102	227.38.15.210	bernhard.com	{'cpu-0': {'idle': 96, 'usertime': 60, 'systime': 76},            'cpu_num': 0}	{'mem': {'used_percent': 11, 'total': 70, 'free': 38, 'used': 76},            'swap': {'used_percent': 50, 'total': 24, 'free': 1, 'used': 57}}	{'mountpoint0': {'mountpoint': '/', 'total': 6911,'percent': 1973, 'free': 7030, 'used': 3563},            'mountpoint1': {'mountpoint': '/boot', 'total': 5323, 'percent': 3960, 'free': 3394, 'used': 8399}}	{'packets_sent': 7014, 'bytes_sent': 8647,            'packets_recv': 6881, 'bytes_recv': 4094}	{'start_time': '1997-05-12 08:56:38', 'count_user': 5}	{'postgres': '[1821, 2168, 2169, 2170, 2171, 4766]',            'vsftpd': '[2102]', 'postfix': '[]',            'cron': '[1757]', 'nginx': '[1809, 1811, 1812, 1813, 1814]'}	2001-07-16 21:59:45+08
228.156.148.151	152.86.32.230	zemlak-heidenreich.net	{'cpu-0': {'idle': 87, 'usertime': 73, 'systime': 41},            'cpu_num': 3}	{'mem': {'used_percent': 77, 'total': 96, 'free': 45, 'used': 81},            'swap': {'used_percent': 85, 'total': 44, 'free': 0, 'used': 54}}	{'mountpoint0': {'mountpoint': '/', 'total': 3878,'percent': 6233, 'free': 7476, 'used': 2824},            'mountpoint1': {'mountpoint': '/boot', 'total': 5381, 'percent': 6433, 'free': 9802, 'used': 8764}}	{'packets_sent': 6208, 'bytes_sent': 8368,            'packets_recv': 4473, 'bytes_recv': 8558}	{'start_time': '1998-09-21 02:19:53', 'count_user': 5}	{'postgres': '[1821, 2168, 2169, 2170, 2171, 4766]',            'vsftpd': '[2102]', 'postfix': '[]',            'cron': '[1757]', 'nginx': '[1809, 1811, 1812, 1813, 1814]'}	2013-11-22 04:56:35+08
113.192.113.55	235.131.171.20	beahan.com	{'cpu-0': {'idle': 15, 'usertime': 46, 'systime': 34},            'cpu_num': 6}	{'mem': {'used_percent': 87, 'total': 94, 'free': 49, 'used': 6},            'swap': {'used_percent': 94, 'total': 95, 'free': 89, 'used': 65}}	{'mountpoint0': {'mountpoint': '/', 'total': 8464,'percent': 5570, 'free': 4556, 'used': 4342},            'mountpoint1': {'mountpoint': '/boot', 'total': 4699, 'percent': 5322, 'free': 3973, 'used': 6763}}	{'packets_sent': 2442, 'bytes_sent': 9673,            'packets_recv': 8064, 'bytes_recv': 7183}	{'start_time': '2009-06-21 01:14:19', 'count_user': 8}	{'postgres': '[1821, 2168, 2169, 2170, 2171, 4766]',            'vsftpd': '[2102]', 'postfix': '[]',            'cron': '[1757]', 'nginx': '[1809, 1811, 1812, 1813, 1814]'}	2003-06-06 03:46:53+08
208.29.112.134	57.163.161.212	prosacco.info	{'cpu-0': {'idle': 74, 'usertime': 99, 'systime': 12},            'cpu_num': 8}	{'mem': {'used_percent': 89, 'total': 31, 'free': 79, 'used': 14},            'swap': {'used_percent': 88, 'total': 87, 'free': 64, 'used': 60}}	{'mountpoint0': {'mountpoint': '/', 'total': 6282,'percent': 2613, 'free': 8338, 'used': 6660},            'mountpoint1': {'mountpoint': '/boot', 'total': 3188, 'percent': 4087, 'free': 3015, 'used': 9459}}	{'packets_sent': 4110, 'bytes_sent': 7663,            'packets_recv': 3159, 'bytes_recv': 7790}	{'start_time': '2000-10-01 04:42:55', 'count_user': 8}	{'postgres': '[1821, 2168, 2169, 2170, 2171, 4766]',            'vsftpd': '[2102]', 'postfix': '[]',            'cron': '[1757]', 'nginx': '[1809, 1811, 1812, 1813, 1814]'}	2007-06-20 19:32:03+08
173.239.223.121	30.92.131.209	hane.com	{'cpu-0': {'idle': 11, 'usertime': 0, 'systime': 96},            'cpu_num': 0}	{'mem': {'used_percent': 23, 'total': 63, 'free': 56, 'used': 28},            'swap': {'used_percent': 27, 'total': 1, 'free': 33, 'used': 39}}	{'mountpoint0': {'mountpoint': '/', 'total': 3333,'percent': 1347, 'free': 5090, 'used': 8390},            'mountpoint1': {'mountpoint': '/boot', 'total': 9627, 'percent': 4863, 'free': 7266, 'used': 5155}}	{'packets_sent': 9939, 'bytes_sent': 3982,            'packets_recv': 1592, 'bytes_recv': 8764}	{'start_time': '1997-12-27 03:57:41', 'count_user': 8}	{'postgres': '[1821, 2168, 2169, 2170, 2171, 4766]',            'vsftpd': '[2102]', 'postfix': '[]',            'cron': '[1757]', 'nginx': '[1809, 1811, 1812, 1813, 1814]'}	2010-01-29 19:21:22+08
58.19.33.160	217.119.249.49	veum.com	{'cpu-0': {'idle': 47, 'usertime': 14, 'systime': 19},            'cpu_num': 2}	{'mem': {'used_percent': 96, 'total': 75, 'free': 11, 'used': 11},            'swap': {'used_percent': 15, 'total': 11, 'free': 6, 'used': 52}}	{'mountpoint0': {'mountpoint': '/', 'total': 2809,'percent': 9436, 'free': 2060, 'used': 3989},            'mountpoint1': {'mountpoint': '/boot', 'total': 6011, 'percent': 8190, 'free': 4871, 'used': 3939}}	{'packets_sent': 4968, 'bytes_sent': 9204,            'packets_recv': 5519, 'bytes_recv': 2490}	{'start_time': '1971-03-07 01:08:19', 'count_user': 10}	{'postgres': '[1821, 2168, 2169, 2170, 2171, 4766]',            'vsftpd': '[2102]', 'postfix': '[]',            'cron': '[1757]', 'nginx': '[1809, 1811, 1812, 1813, 1814]'}	1994-09-30 05:42:09+08
114.90.109.0	217.185.208.19	vandervort-spinka.com	{'cpu-0': {'idle': 7, 'usertime': 98, 'systime': 17},            'cpu_num': 3}	{'mem': {'used_percent': 84, 'total': 80, 'free': 13, 'used': 78},            'swap': {'used_percent': 58, 'total': 56, 'free': 60, 'used': 68}}	{'mountpoint0': {'mountpoint': '/', 'total': 5313,'percent': 9815, 'free': 4385, 'used': 7046},            'mountpoint1': {'mountpoint': '/boot', 'total': 2325, 'percent': 2823, 'free': 8143, 'used': 2418}}	{'packets_sent': 2854, 'bytes_sent': 6512,            'packets_recv': 3532, 'bytes_recv': 2629}	{'start_time': '1975-12-23 09:01:46', 'count_user': 8}	{'postgres': '[1821, 2168, 2169, 2170, 2171, 4766]',            'vsftpd': '[2102]', 'postfix': '[]',            'cron': '[1757]', 'nginx': '[1809, 1811, 1812, 1813, 1814]'}	1989-12-17 03:38:55+08
128.87.167.198	47.220.147.173	armstrong-hoppe.com	{'cpu-0': {'idle': 87, 'usertime': 32, 'systime': 67},            'cpu_num': 2}	{'mem': {'used_percent': 80, 'total': 87, 'free': 51, 'used': 20},            'swap': {'used_percent': 58, 'total': 8, 'free': 32, 'used': 2}}	{'mountpoint0': {'mountpoint': '/', 'total': 5493,'percent': 4467, 'free': 6629, 'used': 6486},            'mountpoint1': {'mountpoint': '/boot', 'total': 6699, 'percent': 6172, 'free': 6720, 'used': 1314}}	{'packets_sent': 2476, 'bytes_sent': 1578,            'packets_recv': 1234, 'bytes_recv': 3033}	{'start_time': '1976-02-07 10:07:16', 'count_user': 8}	{'postgres': '[1821, 2168, 2169, 2170, 2171, 4766]',            'vsftpd': '[2102]', 'postfix': '[]',            'cron': '[1757]', 'nginx': '[1809, 1811, 1812, 1813, 1814]'}	1999-03-04 01:12:13+08
173.19.156.198	195.97.169.217	schimmel.info	{'cpu-0': {'idle': 23, 'usertime': 92, 'systime': 49},            'cpu_num': 5}	{'mem': {'used_percent': 78, 'total': 99, 'free': 23, 'used': 91},            'swap': {'used_percent': 98, 'total': 73, 'free': 78, 'used': 80}}	{'mountpoint0': {'mountpoint': '/', 'total': 2253,'percent': 2747, 'free': 4707, 'used': 7209},            'mountpoint1': {'mountpoint': '/boot', 'total': 3678, 'percent': 9061, 'free': 6284, 'used': 4643}}	{'packets_sent': 7546, 'bytes_sent': 9011,            'packets_recv': 5356, 'bytes_recv': 2299}	{'start_time': '2014-11-11 22:39:46', 'count_user': 7}	{'postgres': '[1821, 2168, 2169, 2170, 2171, 4766]',            'vsftpd': '[2102]', 'postfix': '[]',            'cron': '[1757]', 'nginx': '[1809, 1811, 1812, 1813, 1814]'}	1983-04-27 16:56:46+08
162.196.29.118	239.179.204.253	goodwin.com	{'cpu-0': {'idle': 26, 'usertime': 4, 'systime': 82},            'cpu_num': 2}	{'mem': {'used_percent': 57, 'total': 41, 'free': 42, 'used': 22},            'swap': {'used_percent': 59, 'total': 67, 'free': 24, 'used': 12}}	{'mountpoint0': {'mountpoint': '/', 'total': 2099,'percent': 8227, 'free': 3686, 'used': 6348},            'mountpoint1': {'mountpoint': '/boot', 'total': 5845, 'percent': 9322, 'free': 4517, 'used': 5698}}	{'packets_sent': 4728, 'bytes_sent': 9251,            'packets_recv': 6479, 'bytes_recv': 6269}	{'start_time': '1981-05-27 03:16:21', 'count_user': 8}	{'postgres': '[1821, 2168, 2169, 2170, 2171, 4766]',            'vsftpd': '[2102]', 'postfix': '[]',            'cron': '[1757]', 'nginx': '[1809, 1811, 1812, 1813, 1814]'}	1992-11-21 06:47:50+08
160.5.202.113	24.166.44.62	renner.com	{'cpu-0': {'idle': 96, 'usertime': 31, 'systime': 78},            'cpu_num': 2}	{'mem': {'used_percent': 97, 'total': 54, 'free': 20, 'used': 18},            'swap': {'used_percent': 45, 'total': 63, 'free': 20, 'used': 64}}	{'mountpoint0': {'mountpoint': '/', 'total': 5426,'percent': 2162, 'free': 9063, 'used': 4449},            'mountpoint1': {'mountpoint': '/boot', 'total': 9277, 'percent': 4583, 'free': 9050, 'used': 2058}}	{'packets_sent': 9519, 'bytes_sent': 7357,            'packets_recv': 7374, 'bytes_recv': 4458}	{'start_time': '1981-11-16 03:43:47', 'count_user': 7}	{'postgres': '[1821, 2168, 2169, 2170, 2171, 4766]',            'vsftpd': '[2102]', 'postfix': '[]',            'cron': '[1757]', 'nginx': '[1809, 1811, 1812, 1813, 1814]'}	2009-06-28 12:16:42+08
131.63.78.28	181.162.41.144	bashirian.biz	{'cpu-0': {'idle': 10, 'usertime': 14, 'systime': 21},            'cpu_num': 8}	{'mem': {'used_percent': 32, 'total': 59, 'free': 53, 'used': 100},            'swap': {'used_percent': 1, 'total': 95, 'free': 36, 'used': 94}}	{'mountpoint0': {'mountpoint': '/', 'total': 9711,'percent': 6547, 'free': 5155, 'used': 1953},            'mountpoint1': {'mountpoint': '/boot', 'total': 5953, 'percent': 1790, 'free': 3934, 'used': 7069}}	{'packets_sent': 4384, 'bytes_sent': 8731,            'packets_recv': 2188, 'bytes_recv': 9402}	{'start_time': '2006-03-27 00:26:25', 'count_user': 8}	{'postgres': '[1821, 2168, 2169, 2170, 2171, 4766]',            'vsftpd': '[2102]', 'postfix': '[]',            'cron': '[1757]', 'nginx': '[1809, 1811, 1812, 1813, 1814]'}	2005-01-05 14:09:11+08
176.79.79.10	214.106.65.95	gleason.com	{'cpu-0': {'idle': 5, 'usertime': 36, 'systime': 35},            'cpu_num': 2}	{'mem': {'used_percent': 63, 'total': 24, 'free': 10, 'used': 31},            'swap': {'used_percent': 80, 'total': 2, 'free': 70, 'used': 68}}	{'mountpoint0': {'mountpoint': '/', 'total': 1774,'percent': 3043, 'free': 5372, 'used': 5207},            'mountpoint1': {'mountpoint': '/boot', 'total': 4902, 'percent': 4495, 'free': 9241, 'used': 9622}}	{'packets_sent': 4446, 'bytes_sent': 3859,            'packets_recv': 4704, 'bytes_recv': 6742}	{'start_time': '2011-04-03 14:17:34', 'count_user': 8}	{'postgres': '[1821, 2168, 2169, 2170, 2171, 4766]',            'vsftpd': '[2102]', 'postfix': '[]',            'cron': '[1757]', 'nginx': '[1809, 1811, 1812, 1813, 1814]'}	1991-01-17 15:35:03+08
67.237.101.150	123.62.9.85	eichmann.com	{'cpu-0': {'idle': 81, 'usertime': 47, 'systime': 74},            'cpu_num': 5}	{'mem': {'used_percent': 88, 'total': 23, 'free': 70, 'used': 93},            'swap': {'used_percent': 35, 'total': 88, 'free': 1, 'used': 24}}	{'mountpoint0': {'mountpoint': '/', 'total': 8742,'percent': 2869, 'free': 3217, 'used': 5269},            'mountpoint1': {'mountpoint': '/boot', 'total': 7876, 'percent': 5167, 'free': 4615, 'used': 1248}}	{'packets_sent': 5520, 'bytes_sent': 6577,            'packets_recv': 8763, 'bytes_recv': 3542}	{'start_time': '1986-06-18 15:12:11', 'count_user': 9}	{'postgres': '[1821, 2168, 2169, 2170, 2171, 4766]',            'vsftpd': '[2102]', 'postfix': '[]',            'cron': '[1757]', 'nginx': '[1809, 1811, 1812, 1813, 1814]'}	1973-06-18 17:51:58+08
\.


--
-- Data for Name: setgame_excuted_command; Type: TABLE DATA; Schema: public; Owner: postgres
--

COPY setgame_excuted_command (id, excute_time, game_script, username_id) FROM stdin;
1	2014-10-26	1	1
2	2014-11-18	[u'lying, /tmp/start.sh,192.168.70.132', u'lying, /tmp/stop.sh,192.168.70.132']	1
3	2014-11-19	[u'lying, /tmp/start.sh,192.168.70.132', u'lying, /tmp/stop.sh,192.168.70.132']	1
4	2014-11-19	[u'lying, /tmp/start.sh,192.168.70.132']	1
5	2014-11-19	[u'lying, /tmp/start.sh,192.168.70.132']	1
6	2014-11-19	[u'lying, /tmp/start.sh,192.168.70.132']	1
7	2014-11-19	[u'lying, /tmp/start.sh,192.168.70.132']	1
8	2014-11-27	[u'lying, /tmp/start.sh,192.168.70.132', u'lying, /tmp/stop.sh,192.168.70.132']	1
9	2014-11-27	[u'lying, /tmp/start.sh,192.168.70.132']	1
10	2014-11-28	[u'lying, /tmp/start.sh,192.168.70.132', u'lying, /tmp/stop.sh,192.168.70.132']	1
11	2014-11-28	[u'lying, /tmp/start.sh,192.168.70.132']	1
12	2014-11-28	[u'lying, /tmp/start.sh,192.168.70.132', u'lying, /tmp/stop.sh,192.168.70.132']	1
13	2014-11-28	[u'lying, /tmp/start.sh,192.168.70.132']	1
14	2014-11-28	[u'lying, /tmp/start.sh,192.168.70.132', u'lying, /tmp/stop.sh,192.168.70.132']	1
15	2014-11-29	[u'lying, /tmp/start.sh,192.168.70.132', u'lying, /tmp/stop.sh,192.168.70.132']	1
16	2014-11-29	[u'lying, /tmp/start.sh,192.168.70.132', u'lying, /tmp/stop.sh,192.168.70.132']	1
17	2014-11-29	[u'lying, /tmp/start.sh,192.168.70.132', u'lying, /tmp/stop.sh,192.168.70.132']	1
18	2014-11-29	[u'lying, /tmp/start.sh,192.168.70.132']	1
19	2014-11-29	[u'lying, /tmp/start.sh,192.168.70.132']	1
20	2014-11-29	[u'lying, /tmp/start.sh,192.168.70.132']	1
21	2014-11-29	[u'lying, /tmp/start.sh,192.168.70.132']	1
22	2014-11-29	[u'lying, /tmp/start.sh,192.168.70.132']	1
23	2014-11-29	[u'lying, /tmp/start.sh,192.168.70.132', u'lying, /tmp/start.sh,192.168.70.130']	1
24	2014-11-29	[u'lying, /tmp/start.sh,192.168.70.132']	1
25	2014-11-29	[u'lying, /tmp/start.sh,192.168.70.132']	1
26	2014-11-29	[u'lying, /tmp/start.sh,192.168.70.132']	1
27	2014-11-29	[u'lying, /tmp/start.sh,192.168.70.132']	1
28	2014-11-29	[u'lying, /tmp/start.sh,192.168.70.132', u'lying, /tmp/start.sh,192.168.70.130']	1
29	2014-11-29	[u'lying, /tmp/start.sh,192.168.70.132', u'lying, /tmp/start.sh,192.168.70.130']	1
30	2014-11-29	[u'lying, /tmp/start.sh,192.168.70.132']	1
31	2014-12-03	[u'lyingdragon, countrybattle,223.202.35.165', u'lyingdragon, kingcup,223.202.35.165']	1
32	2014-12-06	[u'lyingdragon, countrybattle,223.202.35.165', u'lyingdragon, kingcup,223.202.35.165', u'lyingdragon, arena,223.202.35.165']	1
33	2014-12-07	[u'lyingdragon, countrybattle,223.202.35.165', u'lyingdragon, kingcup,223.202.35.165', u'lyingdragon, arena,223.202.35.165']	1
34	2014-12-07	[u'lyingdragon, countrybattle,223.202.35.165', u'lyingdragon, kingcup,223.202.35.165', u'lyingdragon, arena,223.202.35.165']	1
35	2014-12-07	[u'lyingdragon, countrybattle,223.202.35.165', u'lyingdragon, kingcup,223.202.35.165', u'lyingdragon, arena,223.202.35.165']	1
36	2014-12-07	[u'lyingdragon, countrybattle,223.202.35.165', u'lyingdragon, kingcup,223.202.35.165', u'lyingdragon, arena,223.202.35.165']	1
37	2014-12-07	[u'lyingdragon, countrybattle,223.202.35.165', u'lyingdragon, kingcup,223.202.35.165', u'lyingdragon, arena,223.202.35.165']	1
38	2014-12-07	[u'lyingdragon, countrybattle,223.202.35.165', u'lyingdragon, kingcup,223.202.35.165', u'lyingdragon, arena,223.202.35.165']	1
39	2014-12-07	[u'lyingdragon, countrybattle,223.202.35.165', u'lyingdragon, kingcup,223.202.35.165', u'lyingdragon, arena,223.202.35.165']	1
40	2014-12-07	[u'lyingdragon, countrybattle,223.202.35.165', u'lyingdragon, kingcup,223.202.35.165', u'lyingdragon, arena,223.202.35.165']	1
41	2014-12-07	[u'lyingdragon, countrybattle,223.202.35.165', u'lyingdragon, kingcup,223.202.35.165', u'lyingdragon, arena,223.202.35.165']	1
42	2014-12-07	[u'lyingdragon, countrybattle,223.202.35.165', u'lyingdragon, kingcup,223.202.35.165', u'lyingdragon, arena,223.202.35.165']	1
43	2014-12-07	[u'lyingdragon, countrybattle,223.202.35.165', u'lyingdragon, kingcup,223.202.35.165', u'lyingdragon, arena,223.202.35.165']	1
44	2014-12-07	[u'lyingdragon, countrybattle,223.202.35.165', u'lyingdragon, kingcup,223.202.35.165', u'lyingdragon, arena,223.202.35.165']	1
45	2014-12-07	[u'lyingdragon, countrybattle,223.202.35.165', u'lyingdragon, kingcup,223.202.35.165', u'lyingdragon, arena,223.202.35.165']	1
46	2014-12-07	[u'lyingdragon, countrybattle,223.202.35.165', u'lyingdragon, kingcup,223.202.35.165', u'lyingdragon, arena,223.202.35.165']	1
47	2014-12-07	[u'lyingdragon, countrybattle,223.202.35.165', u'lyingdragon, kingcup,223.202.35.165']	1
48	2014-12-07	[u'lyingdragon, countrybattle,223.202.35.165', u'lyingdragon, kingcup,223.202.35.165', u'lyingdragon, arena,223.202.35.165']	1
49	2014-12-07	[u'"lyingdragon, countrybattle,223.202.35.165"', u'"lyingdragon, kingcup,223.202.35.165"']	1
50	2014-12-07	[u'"lyingdragon, countrybattle,223.202.35.165"', u'"lyingdragon, kingcup,223.202.35.165"', u'"lyingdragon, arena,223.202.35.165"']	1
51	2014-12-07	[u'get_list=lyingdragon%2C+countrybattle%2C223.202.35.165', u'get_list=lyingdragon%2C+kingcup%2C223.202.35.165']	1
52	2014-12-07	[u'', u'', u'']	1
53	2014-12-07	[u'"lyingdragon, countrybattle,223.202.35.165"', u'"lyingdragon, kingcup,223.202.35.165"', u'"lyingdragon, arena,223.202.35.165"']	1
54	2014-12-07	[u'"lyingdragon, countrybattle,223.202.35.165"', u'"lyingdragon, kingcup,223.202.35.165"', u'"lyingdragon, arena,223.202.35.165"']	1
55	2014-12-07	[u'"lyingdragon, countrybattle,223.202.35.165"', u'"lyingdragon, kingcup,223.202.35.165"', u'"lyingdragon, arena,223.202.35.165"']	1
56	2014-12-07	[u'"lyingdragon, countrybattle,223.202.35.165"', u'"lyingdragon, kingcup,223.202.35.165"', u'"lyingdragon, arena,223.202.35.165"']	1
57	2014-12-07	[u'"lyingdragon, countrybattle,223.202.35.165"', u'"lyingdragon, kingcup,223.202.35.165"', u'"lyingdragon, arena,223.202.35.165"']	1
58	2014-12-07	[u'lyingdragon, countrybattle,223.202.35.165', u'lyingdragon, kingcup,223.202.35.165', u'lyingdragon, arena,223.202.35.165']	1
59	2014-12-07	[u'lyingdragon, countrybattle,223.202.35.165']	1
60	2014-12-07	[u'lyingdragon, countrybattle,223.202.35.165']	1
61	2014-12-07	[u'lyingdragon, countrybattle,223.202.35.165']	1
62	2014-12-07	[u'lyingdragon, countrybattle,223.202.35.165']	1
63	2014-12-07	[u'lyingdragon, countrybattle,223.202.35.165']	1
64	2014-12-07	[u'lyingdragon, countrybattle,223.202.35.165']	1
65	2014-12-07	[u'lyingdragon, countrybattle,223.202.35.165']	1
66	2014-12-07	[u'lyingdragon, countrybattle,223.202.35.165']	1
67	2014-12-07	[u'lyingdragon, countrybattle,223.202.35.165']	1
68	2014-12-07	[u'lyingdragon, countrybattle,223.202.35.165']	1
69	2014-12-07	[u'lyingdragon, countrybattle,223.202.35.165']	1
70	2014-12-07	[u'lyingdragon, countrybattle,223.202.35.165']	1
71	2014-12-07	[u'lyingdragon, countrybattle,223.202.35.165']	1
72	2014-12-07	[u'lyingdragon, countrybattle,223.202.35.165']	1
73	2014-12-07	[u'lyingdragon, countrybattle,223.202.35.165']	1
74	2014-12-07	[u'lyingdragon, countrybattle,223.202.35.165']	1
75	2014-12-07	[u'lyingdragon, kingcup,223.202.35.165']	1
76	2014-12-07	[u'lyingdragon, arena,223.202.35.165']	1
77	2014-12-07	[u'lyingdragon, countrybattle,223.202.35.165', u'lyingdragon, kingcup,223.202.35.165']	1
78	2014-12-07	[u'lyingdragon, countrybattle,223.202.35.165', u'lyingdragon, kingcup,223.202.35.165']	1
79	2014-12-07	[u'lyingdragon, countrybattle,223.202.35.165', u'lyingdragon, kingcup,223.202.35.165']	1
80	2014-12-07	[u'lyingdragon, countrybattle,223.202.35.165']	1
\.


--
-- Data for Name: setgame_game_script; Type: TABLE DATA; Schema: public; Owner: postgres
--

COPY setgame_game_script (id, gamename, gamescript, access_ip) FROM stdin;
5	lyingdragon	countrybattle	223.202.35.165
6	lyingdragon	kingcup	223.202.35.165
7	lyingdragon	arena	223.202.35.165
8	dreamback	in construction	0.0.0.0
\.


--
-- Data for Name: setgame_music; Type: TABLE DATA; Schema: public; Owner: postgres
--

COPY setgame_music (id, music_file, music_img, username_id) FROM stdin;
7	music/SAVIOR_OF_SONG.mp3	img/savior_of_song.jpg	1
8	music/ED.mp3	img/.jpg	1
9	music/_op.mp3	img/.jpg	1
10	music/.mp3	img/.jpg	1
13	music/OP.mp3	img/OP.jpg	3
14	music/ED.mp3	img/ED.jpg	3
15	music/ED.mp3	img/ED.jpg	3
12	music/Strike_my_soul.mp3	img/strike_my_soul.jpg	1
16	music/EB_Main_Theme_WIP.mp3	img/EB_Main_Theme_WIP.jpg	4
17	music/Celtic_Pride.mp3	img/Celtic_Pride.jpg	4
18	music/EB_Semitic_Theme.mp3	img/EB_Victory.jpg	4
23	music/.mp3	img/.jpg	20
\.


--
-- PostgreSQL database dump complete
--

